680	182	0	2025-12-18 18:18:26
680	183	0	2025-12-18 18:18:26
680	184	0	2025-12-18 18:18:26
706	185	0	2025-12-18 18:50:28
706	186	0	2025-12-18 18:50:28
706	187	0	2025-12-18 18:50:29
706	188	0	2025-12-18 18:58:41
706	189	0	2025-12-18 18:58:41
706	190	0	2025-12-18 18:58:41
680	191	0	2025-12-18 19:16:44
706	192	0	2025-12-18 19:16:44
680	193	0	2025-12-18 19:16:44
706	194	0	2025-12-18 19:16:44
706	195	0	2025-12-18 19:16:44
706	196	0	2025-12-18 19:16:45
680	197	0	2025-12-18 19:16:45
706	198	0	2025-12-18 19:16:45
706	199	0	2025-12-18 19:16:45
680	200	0	2025-12-18 19:16:45
680	201	0	2025-12-18 19:16:45
680	202	0	2025-12-18 19:16:45
680	203	0	2025-12-18 19:16:45
680	204	0	2025-12-18 19:16:45
680	205	0	2025-12-18 19:16:45
706	206	0	2025-12-18 19:16:52
706	207	0	2025-12-18 19:16:52
706	208	0	2025-12-18 19:16:52
706	209	0	2025-12-18 19:16:52
706	210	0	2025-12-18 19:16:52
706	211	1	2025-12-18 19:16:52
680	212	0	2025-12-18 19:16:53
680	213	0	2025-12-18 19:16:53
680	214	1	2025-12-18 19:16:53
707	215	0	2025-12-18 19:18:49
707	216	0	2025-12-18 19:18:49
707	217	0	2025-12-18 19:18:49
707	218	0	2025-12-18 19:19:06
707	219	0	2025-12-18 19:19:06
707	220	0	2025-12-18 19:19:06
707	221	0	2025-12-18 19:20:07
707	222	0	2025-12-18 19:20:07
707	223	1	2025-12-18 19:20:07
708	224	0	2025-12-18 19:33:25
708	225	0	2025-12-18 19:33:25
708	226	1	2025-12-18 19:33:25
723	227	0	2025-12-18 21:18:24
723	228	0	2025-12-18 21:18:25
748	229	0	2025-12-18 21:18:25
723	230	1	2025-12-18 21:18:26
748	231	0	2025-12-18 21:18:26
748	232	1	2025-12-18 21:18:27
711	233	0	2025-12-18 21:18:28
711	234	0	2025-12-18 21:18:28
711	235	1	2025-12-18 21:18:29
737	236	0	2025-12-18 21:18:32
737	237	0	2025-12-18 21:18:33
737	238	1	2025-12-18 21:18:34
718	239	0	2025-12-18 21:19:37
718	240	0	2025-12-18 21:19:38
718	241	1	2025-12-18 21:19:38
710	242	0	2025-12-18 21:20:24
736	243	0	2025-12-18 21:20:25
710	244	0	2025-12-18 21:20:25
736	245	0	2025-12-18 21:20:26
710	246	1	2025-12-18 21:20:26
736	247	1	2025-12-18 21:20:26
712	248	0	2025-12-18 21:20:32
712	249	0	2025-12-18 21:20:36
712	250	1	2025-12-18 21:20:37
721	251	0	2025-12-18 21:21:24
721	252	0	2025-12-18 21:21:25
721	253	1	2025-12-18 21:21:26
755	254	0	2025-12-18 21:21:28
755	255	0	2025-12-18 21:21:29
730	256	0	2025-12-18 21:21:29
755	257	1	2025-12-18 21:21:29
730	258	0	2025-12-18 21:21:30
730	259	1	2025-12-18 21:21:31
728	260	0	2025-12-18 21:22:26
734	261	0	2025-12-18 21:22:26
728	262	0	2025-12-18 21:22:26
734	263	0	2025-12-18 21:22:27
728	264	1	2025-12-18 21:22:27
734	265	1	2025-12-18 21:22:27
742	266	0	2025-12-18 21:22:30
742	267	0	2025-12-18 21:22:35
750	268	0	2025-12-18 21:22:38
767	269	0	2025-12-18 21:22:38
742	270	1	2025-12-18 21:22:38
754	271	0	2025-12-18 21:22:38
750	272	0	2025-12-18 21:22:39
767	273	0	2025-12-18 21:22:39
754	274	0	2025-12-18 21:22:39
750	275	1	2025-12-18 21:22:40
767	276	1	2025-12-18 21:22:40
754	277	1	2025-12-18 21:22:40
759	278	0	2025-12-18 21:23:33
759	279	0	2025-12-18 21:23:34
759	280	1	2025-12-18 21:23:34
752	281	0	2025-12-18 21:23:37
752	282	0	2025-12-18 21:23:38
752	283	1	2025-12-18 21:23:39
724	284	0	2025-12-18 21:24:28
724	285	0	2025-12-18 21:24:28
724	286	1	2025-12-18 21:24:29
769	287	0	2025-12-18 21:24:31
773	288	0	2025-12-18 21:24:31
769	289	0	2025-12-18 21:24:32
773	290	0	2025-12-18 21:24:32
769	291	1	2025-12-18 21:24:33
768	292	0	2025-12-18 21:24:33
775	293	0	2025-12-18 21:24:33
773	294	1	2025-12-18 21:24:34
768	295	0	2025-12-18 21:24:34
775	296	0	2025-12-18 21:24:34
768	297	1	2025-12-18 21:24:35
775	298	1	2025-12-18 21:24:35
766	299	0	2025-12-18 21:25:32
783	300	0	2025-12-18 21:25:32
766	301	0	2025-12-18 21:25:32
783	302	0	2025-12-18 21:25:33
766	303	1	2025-12-18 21:25:33
783	304	1	2025-12-18 21:25:35
790	305	0	2025-12-18 21:25:41
778	306	0	2025-12-18 21:25:43
790	307	0	2025-12-18 21:25:43
778	308	0	2025-12-18 21:25:44
790	309	1	2025-12-18 21:25:44
778	310	1	2025-12-18 21:25:44
789	311	0	2025-12-18 21:26:32
789	312	0	2025-12-18 21:26:33
789	313	1	2025-12-18 21:26:34
792	314	0	2025-12-18 21:27:34
792	315	0	2025-12-18 21:27:35
792	316	1	2025-12-18 21:27:36
822	317	0	2025-12-18 21:28:29
822	318	0	2025-12-18 21:28:30
822	319	1	2025-12-18 21:28:31
806	320	0	2025-12-18 21:28:38
806	321	0	2025-12-18 21:28:38
806	322	1	2025-12-18 21:28:39
802	323	0	2025-12-18 21:29:26
810	324	0	2025-12-18 21:29:26
802	325	0	2025-12-18 21:29:27
810	326	0	2025-12-18 21:29:27
802	327	1	2025-12-18 21:29:28
810	328	1	2025-12-18 21:29:28
837	329	0	2025-12-18 21:29:29
837	330	0	2025-12-18 21:29:30
837	331	1	2025-12-18 21:29:31
800	332	0	2025-12-18 21:29:34
800	333	0	2025-12-18 21:29:35
800	334	1	2025-12-18 21:29:35
834	335	0	2025-12-18 21:29:42
834	336	0	2025-12-18 21:29:42
834	337	1	2025-12-18 21:29:43
811	338	0	2025-12-18 21:30:25
811	339	0	2025-12-18 21:30:25
811	340	1	2025-12-18 21:30:26
831	341	0	2025-12-18 21:30:30
831	342	0	2025-12-18 21:30:31
831	343	1	2025-12-18 21:30:31
795	344	0	2025-12-18 21:30:32
795	345	0	2025-12-18 21:30:33
795	346	1	2025-12-18 21:30:34
722	347	0	2025-12-18 21:31:29
722	348	0	2025-12-18 21:31:30
722	349	1	2025-12-18 21:31:30
808	350	0	2025-12-18 21:32:25
808	351	0	2025-12-18 21:32:25
808	352	1	2025-12-18 21:32:26
709	353	0	2025-12-18 21:32:28
709	354	0	2025-12-18 21:32:28
709	355	1	2025-12-18 21:32:28
826	356	0	2025-12-18 21:32:30
826	357	0	2025-12-18 21:32:31
826	358	1	2025-12-18 21:32:32
740	359	0	2025-12-18 21:33:29
739	360	0	2025-12-18 21:33:30
740	361	0	2025-12-18 21:33:30
739	362	0	2025-12-18 21:33:30
740	363	1	2025-12-18 21:33:31
739	364	1	2025-12-18 21:33:31
776	365	0	2025-12-18 21:34:35
776	366	0	2025-12-18 21:34:36
776	367	1	2025-12-18 21:34:37
764	368	0	2025-12-18 21:34:40
764	369	0	2025-12-18 21:34:41
764	370	1	2025-12-18 21:34:42
779	371	0	2025-12-18 21:35:33
770	372	0	2025-12-18 21:35:34
757	373	0	2025-12-18 21:35:34
779	374	0	2025-12-18 21:35:35
793	375	0	2025-12-18 21:35:35
770	376	0	2025-12-18 21:35:35
757	377	0	2025-12-18 21:35:36
779	378	1	2025-12-18 21:35:36
785	379	0	2025-12-18 21:35:36
785	380	0	2025-12-18 21:35:36
785	381	1	2025-12-18 21:35:36
793	382	0	2025-12-18 21:35:36
770	383	1	2025-12-18 21:35:36
757	384	1	2025-12-18 21:35:36
793	385	1	2025-12-18 21:35:37
777	386	0	2025-12-18 21:36:39
777	387	0	2025-12-18 21:36:40
777	388	1	2025-12-18 21:36:40
774	389	0	2025-12-18 21:36:43
774	390	0	2025-12-18 21:36:44
774	391	1	2025-12-18 21:36:44
741	392	0	2025-12-18 21:38:35
741	393	0	2025-12-18 21:38:35
741	394	1	2025-12-18 21:38:36
719	395	0	2025-12-18 21:39:30
719	396	0	2025-12-18 21:39:30
719	397	1	2025-12-18 21:39:31
714	398	0	2025-12-18 21:39:37
714	399	0	2025-12-18 21:39:37
716	400	0	2025-12-18 21:39:38
714	401	1	2025-12-18 21:39:38
716	402	0	2025-12-18 21:39:39
716	403	1	2025-12-18 21:39:40
744	404	0	2025-12-18 21:40:32
746	405	0	2025-12-18 21:40:32
744	406	0	2025-12-18 21:40:33
746	407	0	2025-12-18 21:40:33
744	408	1	2025-12-18 21:40:33
746	409	1	2025-12-18 21:40:34
756	410	0	2025-12-18 21:40:37
756	411	0	2025-12-18 21:40:38
756	412	1	2025-12-18 21:40:39
729	413	0	2025-12-18 21:41:33
729	414	0	2025-12-18 21:41:34
782	415	0	2025-12-18 21:41:34
729	416	1	2025-12-18 21:41:35
782	417	0	2025-12-18 21:41:35
782	418	1	2025-12-18 21:41:36
809	419	0	2025-12-18 21:42:31
809	420	0	2025-12-18 21:42:32
809	421	1	2025-12-18 21:42:33
807	422	0	2025-12-18 21:42:36
807	423	0	2025-12-18 21:42:36
807	424	1	2025-12-18 21:42:37
758	425	0	2025-12-18 21:42:37
765	426	0	2025-12-18 21:42:38
758	427	0	2025-12-18 21:42:38
765	428	0	2025-12-18 21:42:39
758	429	1	2025-12-18 21:42:39
765	430	1	2025-12-18 21:42:39
763	431	0	2025-12-18 21:45:21
763	432	0	2025-12-18 21:45:21
763	433	1	2025-12-18 21:45:21
866	434	0	2025-12-18 21:47:52
866	435	0	2025-12-18 21:47:52
866	436	1	2025-12-18 21:47:53
713	437	0	2025-12-18 21:49:51
713	438	0	2025-12-18 21:49:51
713	439	1	2025-12-18 21:49:51
715	440	0	2025-12-18 21:51:56
715	441	0	2025-12-18 21:51:56
715	442	1	2025-12-18 21:51:56
717	443	0	2025-12-18 21:54:03
717	444	0	2025-12-18 21:54:03
717	445	1	2025-12-18 21:54:03
720	446	0	2025-12-18 21:56:12
720	447	0	2025-12-18 21:56:12
720	448	1	2025-12-18 21:56:12
725	449	0	2025-12-18 21:58:21
725	450	0	2025-12-18 21:58:21
725	451	1	2025-12-18 21:58:21
726	452	0	2025-12-18 22:00:26
726	453	0	2025-12-18 22:00:26
726	454	1	2025-12-18 22:00:26
727	455	0	2025-12-18 22:02:19
727	456	0	2025-12-18 22:02:19
727	457	1	2025-12-18 22:02:19
731	458	0	2025-12-18 22:04:15
731	459	0	2025-12-18 22:04:15
731	460	1	2025-12-18 22:04:15
732	461	0	2025-12-18 22:06:14
732	462	0	2025-12-18 22:06:14
732	463	1	2025-12-18 22:06:14
733	464	0	2025-12-18 22:08:11
733	465	0	2025-12-18 22:08:11
733	466	1	2025-12-18 22:08:11
735	467	0	2025-12-18 22:10:15
735	468	0	2025-12-18 22:10:15
735	469	1	2025-12-18 22:10:15
738	470	0	2025-12-18 22:12:14
738	471	0	2025-12-18 22:12:14
738	472	1	2025-12-18 22:12:14
743	473	0	2025-12-18 22:14:17
743	474	0	2025-12-18 22:14:17
743	475	1	2025-12-18 22:14:17
745	476	0	2025-12-18 22:16:28
745	477	0	2025-12-18 22:16:28
745	478	1	2025-12-18 22:16:28
747	479	0	2025-12-18 22:18:40
747	480	0	2025-12-18 22:18:40
747	481	1	2025-12-18 22:18:40
749	482	0	2025-12-18 22:20:47
749	483	0	2025-12-18 22:20:47
749	484	1	2025-12-18 22:20:47
751	485	0	2025-12-18 22:23:04
751	486	0	2025-12-18 22:23:04
751	487	1	2025-12-18 22:23:04
753	488	0	2025-12-18 22:25:09
753	489	0	2025-12-18 22:25:09
753	490	1	2025-12-18 22:25:09
760	491	0	2025-12-18 22:27:13
760	492	0	2025-12-18 22:27:13
760	493	1	2025-12-18 22:27:13
761	494	0	2025-12-18 22:29:17
761	495	0	2025-12-18 22:29:17
761	496	1	2025-12-18 22:29:17
762	497	0	2025-12-18 22:31:23
762	498	0	2025-12-18 22:31:23
762	499	1	2025-12-18 22:31:23
771	500	0	2025-12-18 22:33:33
771	501	0	2025-12-18 22:33:33
771	502	1	2025-12-18 22:33:33
772	503	0	2025-12-18 22:35:46
772	504	0	2025-12-18 22:35:46
772	505	1	2025-12-18 22:35:46
780	506	0	2025-12-18 22:38:05
780	507	0	2025-12-18 22:38:05
780	508	1	2025-12-18 22:38:05
781	509	0	2025-12-18 22:40:57
781	510	0	2025-12-18 22:40:57
781	511	1	2025-12-18 22:40:57
784	512	0	2025-12-18 22:43:05
784	513	0	2025-12-18 22:43:05
784	514	1	2025-12-18 22:43:05
786	515	0	2025-12-18 22:45:21
786	516	0	2025-12-18 22:45:21
786	517	1	2025-12-18 22:45:21
787	518	0	2025-12-18 22:47:37
787	519	0	2025-12-18 22:47:37
787	520	1	2025-12-18 22:47:37
788	521	0	2025-12-18 22:49:56
788	522	0	2025-12-18 22:49:56
788	523	1	2025-12-18 22:49:56
791	524	0	2025-12-18 22:52:03
791	525	0	2025-12-18 22:52:03
791	526	1	2025-12-18 22:52:03
794	527	0	2025-12-18 22:54:27
794	528	0	2025-12-18 22:54:27
794	529	1	2025-12-18 22:54:27
796	530	0	2025-12-18 22:56:36
796	531	0	2025-12-18 22:56:36
796	532	1	2025-12-18 22:56:36
797	533	0	2025-12-18 22:58:50
797	534	0	2025-12-18 22:58:50
797	535	1	2025-12-18 22:58:50
798	536	0	2025-12-18 23:00:55
798	537	0	2025-12-18 23:00:55
798	538	1	2025-12-18 23:00:56
799	539	0	2025-12-18 23:03:03
799	540	0	2025-12-18 23:03:03
799	541	1	2025-12-18 23:03:03
801	542	0	2025-12-18 23:05:16
801	543	0	2025-12-18 23:05:16
801	544	1	2025-12-18 23:05:16
803	545	0	2025-12-18 23:07:09
803	546	0	2025-12-18 23:07:09
803	547	1	2025-12-18 23:07:09
804	548	0	2025-12-18 23:09:17
804	549	0	2025-12-18 23:09:17
804	550	1	2025-12-18 23:09:17
805	551	0	2025-12-18 23:11:20
805	552	0	2025-12-18 23:11:20
805	553	1	2025-12-18 23:11:20
812	554	0	2025-12-18 23:13:13
812	555	0	2025-12-18 23:13:13
812	556	1	2025-12-18 23:13:13
813	557	0	2025-12-18 23:15:16
813	558	0	2025-12-18 23:15:16
813	559	1	2025-12-18 23:15:16
814	560	0	2025-12-18 23:18:04
814	561	0	2025-12-18 23:18:04
814	562	1	2025-12-18 23:18:04
815	563	0	2025-12-18 23:20:15
815	564	0	2025-12-18 23:20:15
815	565	1	2025-12-18 23:20:15
816	566	0	2025-12-18 23:23:01
816	567	0	2025-12-18 23:23:01
816	568	1	2025-12-18 23:23:01
817	569	0	2025-12-18 23:25:10
817	570	0	2025-12-18 23:25:10
817	571	1	2025-12-18 23:25:10
818	572	0	2025-12-18 23:27:10
818	573	0	2025-12-18 23:27:10
818	574	1	2025-12-18 23:27:10
819	575	0	2025-12-18 23:29:34
819	576	0	2025-12-18 23:29:34
819	577	1	2025-12-18 23:29:34
820	578	0	2025-12-18 23:31:46
820	579	0	2025-12-18 23:31:46
820	580	1	2025-12-18 23:31:46
821	581	0	2025-12-18 23:34:02
821	582	0	2025-12-18 23:34:02
821	583	1	2025-12-18 23:34:02
823	584	0	2025-12-18 23:36:08
823	585	0	2025-12-18 23:36:08
823	586	1	2025-12-18 23:36:08
824	587	0	2025-12-18 23:38:04
824	588	0	2025-12-18 23:38:04
824	589	1	2025-12-18 23:38:04
825	590	0	2025-12-18 23:40:18
825	591	0	2025-12-18 23:40:18
825	592	1	2025-12-18 23:40:18
827	593	0	2025-12-18 23:42:26
827	594	0	2025-12-18 23:42:26
827	595	1	2025-12-18 23:42:26
828	596	0	2025-12-18 23:44:38
828	597	0	2025-12-18 23:44:38
828	598	1	2025-12-18 23:44:38
829	599	0	2025-12-18 23:46:39
829	600	0	2025-12-18 23:46:39
829	601	1	2025-12-18 23:46:39
830	602	0	2025-12-18 23:48:33
830	603	0	2025-12-18 23:48:33
830	604	1	2025-12-18 23:48:33
832	605	0	2025-12-18 23:50:27
832	606	0	2025-12-18 23:50:27
832	607	1	2025-12-18 23:50:27
833	608	0	2025-12-18 23:52:33
833	609	0	2025-12-18 23:52:33
833	610	1	2025-12-18 23:52:33
835	611	0	2025-12-18 23:54:34
835	612	0	2025-12-18 23:54:34
835	613	1	2025-12-18 23:54:34
836	614	0	2025-12-18 23:56:36
836	615	0	2025-12-18 23:56:36
836	616	1	2025-12-18 23:56:36
838	617	0	2025-12-18 23:58:55
838	618	0	2025-12-18 23:58:55
838	619	1	2025-12-18 23:58:55
839	620	0	2025-12-19 00:00:56
839	621	0	2025-12-19 00:00:56
839	622	1	2025-12-19 00:00:57
840	623	0	2025-12-19 00:02:57
840	624	0	2025-12-19 00:02:57
840	625	1	2025-12-19 00:02:57
841	626	0	2025-12-19 00:05:04
841	627	0	2025-12-19 00:05:04
841	628	1	2025-12-19 00:05:04
842	629	0	2025-12-19 00:07:28
842	630	0	2025-12-19 00:07:28
842	631	1	2025-12-19 00:07:28
843	632	0	2025-12-19 00:09:32
843	633	0	2025-12-19 00:09:32
843	634	1	2025-12-19 00:09:33
844	635	0	2025-12-19 00:11:32
844	636	0	2025-12-19 00:11:32
844	637	1	2025-12-19 00:11:32
845	638	0	2025-12-19 00:13:29
845	639	0	2025-12-19 00:13:29
845	640	1	2025-12-19 00:13:29
846	641	0	2025-12-19 00:15:41
846	642	0	2025-12-19 00:15:41
846	643	1	2025-12-19 00:15:41
847	644	0	2025-12-19 00:17:39
847	645	0	2025-12-19 00:17:39
847	646	1	2025-12-19 00:17:39
848	647	0	2025-12-19 00:19:53
848	648	0	2025-12-19 00:19:53
848	649	1	2025-12-19 00:19:53
849	650	0	2025-12-19 00:21:59
849	651	0	2025-12-19 00:21:59
849	652	1	2025-12-19 00:21:59
850	653	0	2025-12-19 00:24:29
850	654	0	2025-12-19 00:24:30
850	655	1	2025-12-19 00:24:30
851	656	0	2025-12-19 00:26:30
851	657	0	2025-12-19 00:26:30
851	658	1	2025-12-19 00:26:30
852	659	0	2025-12-19 00:28:27
852	660	0	2025-12-19 00:28:27
852	661	1	2025-12-19 00:28:27
853	662	0	2025-12-19 00:30:19
853	663	0	2025-12-19 00:30:19
853	664	1	2025-12-19 00:30:19
854	665	0	2025-12-19 00:32:16
854	666	0	2025-12-19 00:32:16
854	667	1	2025-12-19 00:32:16
855	668	0	2025-12-19 00:34:27
855	669	0	2025-12-19 00:34:27
855	670	1	2025-12-19 00:34:27
856	671	0	2025-12-19 00:36:25
856	672	0	2025-12-19 00:36:25
856	673	1	2025-12-19 00:36:25
857	674	0	2025-12-19 00:38:25
857	675	0	2025-12-19 00:38:25
857	676	1	2025-12-19 00:38:25
858	677	0	2025-12-19 00:40:31
858	678	0	2025-12-19 00:40:31
858	679	1	2025-12-19 00:40:31
859	680	0	2025-12-19 00:42:48
859	681	0	2025-12-19 00:42:48
859	682	1	2025-12-19 00:42:48
860	683	0	2025-12-19 00:45:04
860	684	0	2025-12-19 00:45:04
860	685	1	2025-12-19 00:45:04
861	686	0	2025-12-19 00:47:34
861	687	0	2025-12-19 00:47:34
861	688	1	2025-12-19 00:47:34
862	689	0	2025-12-19 00:49:32
862	690	0	2025-12-19 00:49:32
862	691	1	2025-12-19 00:49:32
863	692	0	2025-12-19 00:51:52
863	693	0	2025-12-19 00:51:52
863	694	1	2025-12-19 00:51:52
864	695	0	2025-12-19 00:54:08
864	696	0	2025-12-19 00:54:08
864	697	1	2025-12-19 00:54:08
865	698	0	2025-12-19 00:56:08
865	699	0	2025-12-19 00:56:08
865	700	1	2025-12-19 00:56:08
867	701	0	2025-12-19 00:58:07
867	702	0	2025-12-19 00:58:07
867	703	1	2025-12-19 00:58:07
868	704	0	2025-12-19 01:00:03
868	705	0	2025-12-19 01:00:03
868	706	1	2025-12-19 01:00:03
869	707	0	2025-12-19 01:02:04
869	708	0	2025-12-19 01:02:04
869	709	1	2025-12-19 01:02:04
870	710	0	2025-12-19 01:03:57
870	711	0	2025-12-19 01:03:57
870	712	1	2025-12-19 01:03:57
871	713	0	2025-12-19 01:06:02
871	714	0	2025-12-19 01:06:02
871	715	1	2025-12-19 01:06:02
872	716	0	2025-12-19 01:08:01
872	717	0	2025-12-19 01:08:01
872	718	1	2025-12-19 01:08:01
873	719	0	2025-12-19 01:10:18
873	720	0	2025-12-19 01:10:18
873	721	1	2025-12-19 01:10:18
874	722	0	2025-12-19 01:12:28
874	723	0	2025-12-19 01:12:28
874	724	1	2025-12-19 01:12:28
875	725	0	2025-12-19 01:14:33
875	726	0	2025-12-19 01:14:33
875	727	1	2025-12-19 01:14:33
876	728	0	2025-12-19 01:16:29
876	729	0	2025-12-19 01:16:29
876	730	1	2025-12-19 01:16:29
877	731	0	2025-12-19 01:18:28
877	732	0	2025-12-19 01:18:28
877	733	1	2025-12-19 01:18:28
878	734	0	2025-12-19 01:21:01
878	735	0	2025-12-19 01:21:01
878	736	1	2025-12-19 01:21:01
879	737	0	2025-12-19 01:23:07
879	738	0	2025-12-19 01:23:07
879	739	1	2025-12-19 01:23:07
880	740	0	2025-12-19 01:25:30
880	741	0	2025-12-19 01:25:30
880	742	1	2025-12-19 01:25:30
881	743	0	2025-12-19 01:27:39
881	744	0	2025-12-19 01:27:39
881	745	1	2025-12-19 01:27:39
882	746	0	2025-12-19 01:29:30
882	747	0	2025-12-19 01:29:30
882	748	1	2025-12-19 01:29:30
883	749	0	2025-12-19 01:31:43
883	750	0	2025-12-19 01:31:43
883	751	1	2025-12-19 01:31:43
884	752	0	2025-12-19 01:33:48
884	753	0	2025-12-19 01:33:48
884	754	1	2025-12-19 01:33:48
885	755	0	2025-12-19 01:35:47
885	756	0	2025-12-19 01:35:47
885	757	1	2025-12-19 01:35:47
886	758	0	2025-12-19 01:37:49
886	759	0	2025-12-19 01:37:49
886	760	1	2025-12-19 01:37:49
887	761	0	2025-12-19 01:39:49
887	762	0	2025-12-19 01:39:49
887	763	1	2025-12-19 01:39:49
888	764	0	2025-12-19 01:42:02
888	765	0	2025-12-19 01:42:02
888	766	1	2025-12-19 01:42:02
889	767	0	2025-12-19 01:44:44
889	768	0	2025-12-19 01:44:44
889	769	1	2025-12-19 01:44:44
890	770	0	2025-12-19 01:47:02
890	771	0	2025-12-19 01:47:02
890	772	1	2025-12-19 01:47:02
891	773	0	2025-12-19 01:49:13
891	774	0	2025-12-19 01:49:13
891	775	1	2025-12-19 01:49:13
892	776	0	2025-12-19 01:51:24
892	777	0	2025-12-19 01:51:24
892	778	1	2025-12-19 01:51:24
893	779	0	2025-12-19 01:53:27
893	780	0	2025-12-19 01:53:27
893	781	1	2025-12-19 01:53:27
894	782	0	2025-12-19 01:55:48
894	783	0	2025-12-19 01:55:48
894	784	1	2025-12-19 01:55:48
895	785	0	2025-12-19 01:57:47
895	786	0	2025-12-19 01:57:47
895	787	1	2025-12-19 01:57:47
896	788	0	2025-12-19 01:59:47
896	789	0	2025-12-19 01:59:47
896	790	1	2025-12-19 01:59:47
897	791	0	2025-12-19 02:01:47
897	792	0	2025-12-19 02:01:47
897	793	1	2025-12-19 02:01:47
898	794	0	2025-12-19 02:03:49
898	795	0	2025-12-19 02:03:49
898	796	1	2025-12-19 02:03:49
899	797	0	2025-12-19 02:05:53
899	798	0	2025-12-19 02:05:53
899	799	1	2025-12-19 02:05:53
900	800	0	2025-12-19 02:07:53
900	801	0	2025-12-19 02:07:53
900	802	1	2025-12-19 02:07:53
901	803	0	2025-12-19 02:10:10
901	804	0	2025-12-19 02:10:10
901	805	1	2025-12-19 02:10:10
902	806	0	2025-12-19 02:12:22
902	807	0	2025-12-19 02:12:22
902	808	1	2025-12-19 02:12:22
903	809	0	2025-12-19 02:14:27
903	810	0	2025-12-19 02:14:27
903	811	1	2025-12-19 02:14:28
904	812	0	2025-12-19 02:16:27
904	813	0	2025-12-19 02:16:27
904	814	1	2025-12-19 02:16:27
905	815	0	2025-12-19 02:18:39
905	816	0	2025-12-19 02:18:39
905	817	1	2025-12-19 02:18:39
906	818	0	2025-12-19 02:20:52
906	819	0	2025-12-19 02:20:52
906	820	1	2025-12-19 02:20:52
907	821	0	2025-12-19 02:22:58
907	822	0	2025-12-19 02:22:58
907	823	1	2025-12-19 02:22:58
908	824	0	2025-12-19 02:24:54
908	825	0	2025-12-19 02:24:54
908	826	1	2025-12-19 02:24:54
909	827	0	2025-12-19 02:26:55
909	828	0	2025-12-19 02:26:55
909	829	1	2025-12-19 02:26:55
910	830	0	2025-12-19 02:28:50
910	831	0	2025-12-19 02:28:50
910	832	1	2025-12-19 02:28:50
911	833	0	2025-12-19 02:30:59
911	834	0	2025-12-19 02:30:59
911	835	1	2025-12-19 02:30:59
912	836	0	2025-12-19 02:33:06
912	837	0	2025-12-19 02:33:06
912	838	1	2025-12-19 02:33:06
913	839	0	2025-12-19 02:35:08
913	840	0	2025-12-19 02:35:08
913	841	1	2025-12-19 02:35:08
914	842	0	2025-12-19 02:37:12
914	843	0	2025-12-19 02:37:12
914	844	1	2025-12-19 02:37:12
915	845	0	2025-12-19 02:39:27
915	846	0	2025-12-19 02:39:27
915	847	1	2025-12-19 02:39:27
916	848	0	2025-12-19 02:41:24
916	849	0	2025-12-19 02:41:24
916	850	1	2025-12-19 02:41:24
917	851	0	2025-12-19 02:43:31
917	852	0	2025-12-19 02:43:31
917	853	1	2025-12-19 02:43:31
918	854	0	2025-12-19 02:45:38
918	855	0	2025-12-19 02:45:38
918	856	1	2025-12-19 02:45:38
919	857	0	2025-12-19 02:47:55
919	858	0	2025-12-19 02:47:55
919	859	1	2025-12-19 02:47:55
920	860	0	2025-12-19 02:50:00
920	861	0	2025-12-19 02:50:00
920	862	1	2025-12-19 02:50:01
921	863	0	2025-12-19 02:52:10
921	864	0	2025-12-19 02:52:10
921	865	1	2025-12-19 02:52:10
922	866	0	2025-12-19 02:54:20
922	867	0	2025-12-19 02:54:20
922	868	1	2025-12-19 02:54:20
923	869	0	2025-12-19 02:56:46
923	870	0	2025-12-19 02:56:46
923	871	1	2025-12-19 02:56:46
924	872	0	2025-12-19 02:58:59
924	873	0	2025-12-19 02:58:59
924	874	1	2025-12-19 02:58:59
925	875	0	2025-12-19 03:01:19
925	876	0	2025-12-19 03:01:19
925	877	1	2025-12-19 03:01:19
926	878	0	2025-12-19 03:03:40
926	879	0	2025-12-19 03:03:40
926	880	1	2025-12-19 03:03:40
927	881	0	2025-12-19 03:05:48
927	882	0	2025-12-19 03:05:48
927	883	1	2025-12-19 03:05:48
928	884	0	2025-12-19 03:08:16
928	885	0	2025-12-19 03:08:17
928	886	1	2025-12-19 03:08:17
929	887	0	2025-12-19 03:10:41
929	888	0	2025-12-19 03:10:41
929	889	1	2025-12-19 03:10:41
930	890	0	2025-12-19 03:12:54
930	891	0	2025-12-19 03:12:54
930	892	1	2025-12-19 03:12:54
931	893	0	2025-12-19 03:15:28
931	894	0	2025-12-19 03:15:28
931	895	1	2025-12-19 03:15:28
932	896	0	2025-12-19 03:17:26
932	897	0	2025-12-19 03:17:26
932	898	1	2025-12-19 03:17:27
933	899	0	2025-12-19 03:19:26
933	900	0	2025-12-19 03:19:26
933	901	1	2025-12-19 03:19:26
934	902	0	2025-12-19 03:21:37
934	903	0	2025-12-19 03:21:37
934	904	1	2025-12-19 03:21:37
935	905	0	2025-12-19 03:23:49
935	906	0	2025-12-19 03:23:49
935	907	1	2025-12-19 03:23:49
936	908	0	2025-12-19 03:25:59
936	909	0	2025-12-19 03:25:59
936	910	1	2025-12-19 03:25:59
937	911	0	2025-12-19 03:29:15
937	912	0	2025-12-19 03:29:15
937	913	1	2025-12-19 03:29:15
938	914	0	2025-12-19 03:31:30
938	915	0	2025-12-19 03:31:30
938	916	1	2025-12-19 03:31:30
939	917	0	2025-12-19 03:33:35
939	918	0	2025-12-19 03:33:35
939	919	1	2025-12-19 03:33:35
940	920	0	2025-12-19 03:35:43
940	921	0	2025-12-19 03:35:43
940	922	1	2025-12-19 03:35:43
941	923	0	2025-12-19 03:37:49
941	924	0	2025-12-19 03:37:49
941	925	1	2025-12-19 03:37:49
942	926	0	2025-12-19 03:39:46
942	927	0	2025-12-19 03:39:46
942	928	1	2025-12-19 03:39:46
943	929	0	2025-12-19 03:42:22
943	930	0	2025-12-19 03:42:22
943	931	1	2025-12-19 03:42:22
944	932	0	2025-12-19 03:44:24
944	933	0	2025-12-19 03:44:24
944	934	1	2025-12-19 03:44:24
945	935	0	2025-12-19 03:46:33
945	936	0	2025-12-19 03:46:33
945	937	1	2025-12-19 03:46:33
946	938	0	2025-12-19 03:48:34
946	939	0	2025-12-19 03:48:34
946	940	1	2025-12-19 03:48:34
947	941	0	2025-12-19 03:50:38
947	942	0	2025-12-19 03:50:38
947	943	1	2025-12-19 03:50:38
948	944	0	2025-12-19 03:52:56
948	945	0	2025-12-19 03:52:56
948	946	1	2025-12-19 03:52:56
949	947	0	2025-12-19 03:55:06
949	948	0	2025-12-19 03:55:06
949	949	1	2025-12-19 03:55:06
950	950	0	2025-12-19 03:57:25
950	951	0	2025-12-19 03:57:25
950	952	1	2025-12-19 03:57:25
951	953	0	2025-12-19 03:59:33
951	954	0	2025-12-19 03:59:33
951	955	1	2025-12-19 03:59:33
952	956	0	2025-12-19 04:01:53
952	957	0	2025-12-19 04:01:53
952	958	1	2025-12-19 04:01:53
953	959	0	2025-12-19 04:04:05
953	960	0	2025-12-19 04:04:05
953	961	1	2025-12-19 04:04:05
954	962	0	2025-12-19 04:06:16
954	963	0	2025-12-19 04:06:16
954	964	1	2025-12-19 04:06:16
955	965	0	2025-12-19 04:08:33
955	966	0	2025-12-19 04:08:33
955	967	1	2025-12-19 04:08:33
956	968	0	2025-12-19 04:10:51
956	969	0	2025-12-19 04:10:52
956	970	1	2025-12-19 04:10:52
957	971	0	2025-12-19 04:13:06
957	972	0	2025-12-19 04:13:06
957	973	1	2025-12-19 04:13:06
958	974	0	2025-12-19 04:15:20
958	975	0	2025-12-19 04:15:20
958	976	1	2025-12-19 04:15:20
959	977	0	2025-12-19 04:17:35
959	978	0	2025-12-19 04:17:35
959	979	1	2025-12-19 04:17:35
960	980	0	2025-12-19 04:19:42
960	981	0	2025-12-19 04:19:42
960	982	1	2025-12-19 04:19:42
961	983	0	2025-12-19 04:21:44
961	984	0	2025-12-19 04:21:44
961	985	1	2025-12-19 04:21:44
962	986	0	2025-12-19 04:23:50
962	987	0	2025-12-19 04:23:50
962	988	1	2025-12-19 04:23:50
963	989	0	2025-12-19 04:26:05
963	990	0	2025-12-19 04:26:05
963	991	1	2025-12-19 04:26:05
964	992	0	2025-12-19 04:28:23
964	993	0	2025-12-19 04:28:23
964	994	1	2025-12-19 04:28:23
965	995	0	2025-12-19 04:30:36
965	996	0	2025-12-19 04:30:36
965	997	1	2025-12-19 04:30:36
966	998	0	2025-12-19 04:32:50
966	999	0	2025-12-19 04:32:50
966	1000	1	2025-12-19 04:32:50
967	1001	0	2025-12-19 04:35:10
967	1002	0	2025-12-19 04:35:10
967	1003	1	2025-12-19 04:35:10
968	1004	0	2025-12-19 04:37:18
968	1005	0	2025-12-19 04:37:18
968	1006	1	2025-12-19 04:37:18
969	1007	0	2025-12-19 04:40:21
969	1008	0	2025-12-19 04:40:21
969	1009	1	2025-12-19 04:40:21
970	1010	0	2025-12-19 04:42:48
970	1011	0	2025-12-19 04:42:48
970	1012	1	2025-12-19 04:42:48
971	1013	0	2025-12-19 04:45:02
971	1014	0	2025-12-19 04:45:02
971	1015	1	2025-12-19 04:45:02
972	1016	0	2025-12-19 04:47:14
972	1017	0	2025-12-19 04:47:14
972	1018	1	2025-12-19 04:47:14
973	1019	0	2025-12-19 04:49:30
973	1020	0	2025-12-19 04:49:30
973	1021	1	2025-12-19 04:49:30
974	1022	0	2025-12-19 04:51:44
974	1023	0	2025-12-19 04:51:44
974	1024	1	2025-12-19 04:51:44
975	1025	0	2025-12-19 04:54:24
975	1026	0	2025-12-19 04:54:24
975	1027	1	2025-12-19 04:54:24
976	1028	0	2025-12-19 04:56:42
976	1029	0	2025-12-19 04:56:42
976	1030	1	2025-12-19 04:56:42
977	1031	0	2025-12-19 04:58:59
977	1032	0	2025-12-19 04:58:59
977	1033	1	2025-12-19 04:58:59
978	1034	0	2025-12-19 05:01:21
978	1035	0	2025-12-19 05:01:21
978	1036	1	2025-12-19 05:01:21
979	1037	0	2025-12-19 05:03:26
979	1038	0	2025-12-19 05:03:26
979	1039	1	2025-12-19 05:03:26
980	1040	0	2025-12-19 05:05:35
980	1041	0	2025-12-19 05:05:35
980	1042	1	2025-12-19 05:05:35
981	1043	0	2025-12-19 05:07:48
981	1044	0	2025-12-19 05:07:48
981	1045	1	2025-12-19 05:07:48
982	1046	0	2025-12-19 05:10:01
982	1047	0	2025-12-19 05:10:01
982	1048	1	2025-12-19 05:10:01
983	1049	0	2025-12-19 05:12:20
983	1050	0	2025-12-19 05:12:20
983	1051	1	2025-12-19 05:12:20
984	1052	0	2025-12-19 05:14:30
984	1053	0	2025-12-19 05:14:30
984	1054	1	2025-12-19 05:14:30
985	1055	0	2025-12-19 05:16:54
985	1056	0	2025-12-19 05:16:54
985	1057	1	2025-12-19 05:16:54
986	1058	0	2025-12-19 05:19:18
986	1059	0	2025-12-19 05:19:18
986	1060	1	2025-12-19 05:19:18
987	1061	0	2025-12-19 05:21:27
987	1062	0	2025-12-19 05:21:27
987	1063	1	2025-12-19 05:21:27
988	1064	0	2025-12-19 05:23:51
988	1065	0	2025-12-19 05:23:51
988	1066	1	2025-12-19 05:23:51
989	1067	0	2025-12-19 05:26:19
989	1068	0	2025-12-19 05:26:19
989	1069	1	2025-12-19 05:26:19
990	1070	0	2025-12-19 05:28:31
990	1071	0	2025-12-19 05:28:31
990	1072	1	2025-12-19 05:28:31
991	1073	0	2025-12-19 05:30:55
991	1074	0	2025-12-19 05:30:55
991	1075	1	2025-12-19 05:30:55
992	1076	0	2025-12-19 05:33:16
992	1077	0	2025-12-19 05:33:16
992	1078	1	2025-12-19 05:33:16
993	1079	0	2025-12-19 05:35:28
993	1080	0	2025-12-19 05:35:28
993	1081	1	2025-12-19 05:35:28
994	1082	0	2025-12-19 05:37:31
994	1083	0	2025-12-19 05:37:31
994	1084	1	2025-12-19 05:37:31
995	1085	0	2025-12-19 05:40:14
995	1086	0	2025-12-19 05:40:14
995	1087	1	2025-12-19 05:40:15
996	1088	0	2025-12-19 05:42:44
996	1089	0	2025-12-19 05:42:44
996	1090	1	2025-12-19 05:42:44
997	1091	0	2025-12-19 05:45:02
997	1092	0	2025-12-19 05:45:02
997	1093	1	2025-12-19 05:45:02
998	1094	0	2025-12-19 05:47:16
998	1095	0	2025-12-19 05:47:16
998	1096	1	2025-12-19 05:47:16
999	1097	0	2025-12-19 05:49:25
999	1098	0	2025-12-19 05:49:25
999	1099	1	2025-12-19 05:49:25
