1|2112|de    |2026-01-04 19:36:15.547
1|2113|en-au |2026-01-04 19:36:15.560
1|2114|en-ca |2026-01-04 19:36:15.583
1|2115|en-gb |2026-01-04 19:36:15.593
1|2116|en-ie |2026-01-04 19:36:15.603
1|2117|en-nz |2026-01-04 19:36:15.613
1|2118|id    |2026-01-04 19:36:15.640
1|2119|it    |2026-01-04 19:36:15.650
1|2120|ja    |2026-01-04 19:36:15.660
1|2121|ko    |2026-01-04 19:36:15.667
1|2122|nl    |2026-01-04 19:36:15.677
1|2123|pt    |2026-01-04 19:36:15.687
1|2124|ru    |2026-01-04 19:36:15.700
1|2125|tr    |2026-01-04 19:36:15.713
1|2126|vi    |2026-01-04 19:36:15.723
1|2127|zh    |2026-01-04 19:36:15.740
2|2128|de    |2026-01-04 19:36:43.083
2|2129|en-au |2026-01-04 19:36:43.093
2|2130|en-ca |2026-01-04 19:36:43.103
2|2131|en-gb |2026-01-04 19:36:43.110
2|2132|en-ie |2026-01-04 19:36:43.120
2|2133|en-nz |2026-01-04 19:36:43.130
2|2135|id    |2026-01-04 19:36:43.160
2|2136|it    |2026-01-04 19:36:43.170
2|2137|ja    |2026-01-04 19:36:43.180
2|2138|ko    |2026-01-04 19:36:43.190
2|2139|nl    |2026-01-04 19:36:43.197
2|2140|pt    |2026-01-04 19:36:43.207
2|2141|ru    |2026-01-04 19:36:43.217
2|2142|tr    |2026-01-04 19:36:43.233
2|2143|vi    |2026-01-04 19:36:43.240
2|2144|zh    |2026-01-04 19:36:43.250
3|2145|de    |2026-01-04 19:37:08.430
3|2146|en-au |2026-01-04 19:37:08.440
3|2147|en-ca |2026-01-04 19:37:08.450
3|2148|en-gb |2026-01-04 19:37:08.460
3|2149|en-ie |2026-01-04 19:37:08.470
3|2150|en-nz |2026-01-04 19:37:08.480
3|2151|id    |2026-01-04 19:37:08.507
3|2152|it    |2026-01-04 19:37:08.513
3|2153|ja    |2026-01-04 19:37:08.523
3|2154|ko    |2026-01-04 19:37:08.530
3|2155|nl    |2026-01-04 19:37:08.540
3|2156|pt    |2026-01-04 19:37:08.550
3|2157|ru    |2026-01-04 19:37:08.560
3|2158|tr    |2026-01-04 19:37:08.573
3|2159|vi    |2026-01-04 19:37:08.583
3|2160|zh    |2026-01-04 19:37:08.593
4|2161|de    |2026-01-04 19:37:33.467
4|2162|en-au |2026-01-04 19:37:33.480
4|2163|en-ca |2026-01-04 19:37:33.493
4|2164|en-gb |2026-01-04 19:37:33.503
4|2165|en-ie |2026-01-04 19:37:33.513
4|2166|en-nz |2026-01-04 19:37:33.527
4|2167|id    |2026-01-04 19:37:33.550
4|2168|it    |2026-01-04 19:37:33.560
4|2169|ja    |2026-01-04 19:37:33.570
4|2170|ko    |2026-01-04 19:37:33.580
4|2171|nl    |2026-01-04 19:37:33.590
4|2172|pt    |2026-01-04 19:37:33.600
4|2173|ru    |2026-01-04 19:37:33.607
4|2174|tr    |2026-01-04 19:37:33.620
4|2175|vi    |2026-01-04 19:37:33.630
4|2176|zh    |2026-01-04 19:37:33.640
5|2177|de    |2026-01-04 19:38:16.673
5|2178|en-au |2026-01-04 19:38:16.690
5|2179|en-ca |2026-01-04 19:38:16.703
5|2180|en-gb |2026-01-04 19:38:16.717
5|2181|en-ie |2026-01-04 19:38:16.730
5|2182|en-nz |2026-01-04 19:38:16.740
5|2184|id    |2026-01-04 19:38:16.780
5|2185|it    |2026-01-04 19:38:16.790
5|2186|ja    |2026-01-04 19:38:16.800
5|2187|ko    |2026-01-04 19:38:16.810
5|2188|nl    |2026-01-04 19:38:16.817
5|2189|pt    |2026-01-04 19:38:16.827
5|2190|ru    |2026-01-04 19:38:16.837
5|2191|tr    |2026-01-04 19:38:16.850
5|2192|vi    |2026-01-04 19:38:16.860
5|2193|zh    |2026-01-04 19:38:16.870
6|2194|de    |2026-01-04 19:39:08.853
6|2195|en-au |2026-01-04 19:39:08.870
6|2196|en-ca |2026-01-04 19:39:08.887
6|2197|en-gb |2026-01-04 19:39:08.900
6|2198|en-ie |2026-01-04 19:39:08.917
6|2199|en-nz |2026-01-04 19:39:08.930
6|2201|id    |2026-01-04 19:39:08.967
6|2202|it    |2026-01-04 19:39:08.977
6|2203|ja    |2026-01-04 19:39:08.987
6|2204|ko    |2026-01-04 19:39:08.997
6|2205|nl    |2026-01-04 19:39:09.007
6|2206|pt    |2026-01-04 19:39:09.020
6|2207|ru    |2026-01-04 19:39:09.030
6|2208|tr    |2026-01-04 19:39:09.050
6|2209|vi    |2026-01-04 19:39:09.060
6|2210|zh    |2026-01-04 19:39:09.070
7|2211|de    |2026-01-04 19:39:29.387
7|2212|en-au |2026-01-04 19:39:29.393
7|2213|en-ca |2026-01-04 19:39:29.407
7|2214|en-gb |2026-01-04 19:39:29.417
7|2215|en-ie |2026-01-04 19:39:29.423
7|2216|en-nz |2026-01-04 19:39:29.433
7|2217|id    |2026-01-04 19:39:29.467
7|2218|it    |2026-01-04 19:39:29.473
7|2219|ja    |2026-01-04 19:39:29.487
7|2220|ko    |2026-01-04 19:39:29.493
7|2221|nl    |2026-01-04 19:39:29.503
7|2222|pt    |2026-01-04 19:39:29.517
7|2223|ru    |2026-01-04 19:39:29.527
7|2224|tr    |2026-01-04 19:39:29.543
7|2225|vi    |2026-01-04 19:39:29.553
7|2226|zh    |2026-01-04 19:39:29.563
8|2227|de    |2026-01-04 19:39:50.067
8|2228|en-au |2026-01-04 19:39:50.077
8|2229|en-ca |2026-01-04 19:39:50.087
8|2230|en-gb |2026-01-04 19:39:50.097
8|2231|en-ie |2026-01-04 19:39:50.107
8|2232|en-nz |2026-01-04 19:39:50.117
8|2233|id    |2026-01-04 19:39:50.140
8|2234|it    |2026-01-04 19:39:50.150
8|2235|ja    |2026-01-04 19:39:50.160
8|2236|ko    |2026-01-04 19:39:50.170
8|2237|nl    |2026-01-04 19:39:50.180
8|2238|pt    |2026-01-04 19:39:50.190
8|2239|ru    |2026-01-04 19:39:50.200
8|2240|tr    |2026-01-04 19:39:50.217
8|2241|vi    |2026-01-04 19:39:50.227
8|2242|zh    |2026-01-04 19:39:50.240
9|2243|de    |2026-01-04 19:40:35.083
9|2244|en-au |2026-01-04 19:40:35.097
9|2245|en-ca |2026-01-04 19:40:35.110
9|2246|en-gb |2026-01-04 19:40:35.123
9|2247|en-ie |2026-01-04 19:40:35.140
9|2248|en-nz |2026-01-04 19:40:35.150
9|2249|id    |2026-01-04 19:40:35.180
9|2250|it    |2026-01-04 19:40:35.190
9|2251|ja    |2026-01-04 19:40:35.200
9|2252|ko    |2026-01-04 19:40:35.210
9|2253|nl    |2026-01-04 19:40:35.220
9|2254|pt    |2026-01-04 19:40:35.233
9|2255|ru    |2026-01-04 19:40:35.243
9|2256|tr    |2026-01-04 19:40:35.263
9|2257|vi    |2026-01-04 19:40:35.270
9|2258|zh    |2026-01-04 19:40:35.280
10|2259|de    |2026-01-04 19:41:06.830
10|2260|en-au |2026-01-04 19:41:06.843
10|2261|en-ca |2026-01-04 19:41:06.857
10|2262|en-gb |2026-01-04 19:41:06.870
10|2263|en-ie |2026-01-04 19:41:06.883
10|2264|en-nz |2026-01-04 19:41:06.893
10|2265|id    |2026-01-04 19:41:06.927
10|2266|it    |2026-01-04 19:41:06.937
10|2267|ja    |2026-01-04 19:41:06.943
10|2268|ko    |2026-01-04 19:41:06.953
10|2269|nl    |2026-01-04 19:41:06.960
10|2270|pt    |2026-01-04 19:41:06.970
10|2271|ru    |2026-01-04 19:41:06.980
10|2272|tr    |2026-01-04 19:41:06.993
10|2273|vi    |2026-01-04 19:41:07.003
10|2274|zh    |2026-01-04 19:41:07.010
11|2275|de    |2026-01-04 19:41:39.930
11|2276|en-au |2026-01-04 19:41:39.943
11|2277|en-ca |2026-01-04 19:41:39.960
11|2278|en-gb |2026-01-04 19:41:39.977
11|2279|en-ie |2026-01-04 19:41:39.987
11|2280|en-nz |2026-01-04 19:41:39.997
11|2282|id    |2026-01-04 19:41:40.027
11|2283|it    |2026-01-04 19:41:40.037
11|2284|ja    |2026-01-04 19:41:40.047
11|2285|ko    |2026-01-04 19:41:40.057
11|2286|nl    |2026-01-04 19:41:40.063
11|2287|pt    |2026-01-04 19:41:40.073
11|2288|ru    |2026-01-04 19:41:40.083
11|2289|tr    |2026-01-04 19:41:40.100
11|2290|vi    |2026-01-04 19:41:40.110
11|2291|zh    |2026-01-04 19:41:40.120
12|2292|de    |2026-01-04 19:42:04.587
12|2293|en-au |2026-01-04 19:42:04.597
12|2294|en-ca |2026-01-04 19:42:04.607
12|2295|en-gb |2026-01-04 19:42:04.617
12|2296|en-ie |2026-01-04 19:42:04.623
12|2297|en-nz |2026-01-04 19:42:04.633
12|2298|id    |2026-01-04 19:42:04.660
12|2299|it    |2026-01-04 19:42:04.670
12|2300|ja    |2026-01-04 19:42:04.680
12|2301|ko    |2026-01-04 19:42:04.687
12|2302|nl    |2026-01-04 19:42:04.697
12|2303|pt    |2026-01-04 19:42:04.707
12|2304|ru    |2026-01-04 19:42:04.713
12|2305|tr    |2026-01-04 19:42:04.730
12|2306|vi    |2026-01-04 19:42:04.740
12|2307|zh    |2026-01-04 19:42:04.750
13|2308|de    |2026-01-04 19:44:06.837
13|2309|en-au |2026-01-04 19:44:06.847
13|2310|en-ca |2026-01-04 19:44:06.860
13|2311|en-gb |2026-01-04 19:44:06.870
13|2312|en-ie |2026-01-04 19:44:06.880
13|2313|en-nz |2026-01-04 19:44:06.890
13|2314|id    |2026-01-04 19:44:06.920
13|2315|it    |2026-01-04 19:44:06.930
13|2316|ja    |2026-01-04 19:44:06.940
13|2317|ko    |2026-01-04 19:44:06.950
13|2318|nl    |2026-01-04 19:44:06.960
13|2319|pt    |2026-01-04 19:44:06.967
13|2320|ru    |2026-01-04 19:44:06.977
13|2321|tr    |2026-01-04 19:44:06.990
13|2322|vi    |2026-01-04 19:44:07.000
13|2323|zh    |2026-01-04 19:44:07.007
14|2324|de    |2026-01-04 19:44:34.997
14|2325|en-au |2026-01-04 19:44:35.007
14|2326|en-ca |2026-01-04 19:44:35.057
14|2327|en-gb |2026-01-04 19:44:35.063
14|2328|en-ie |2026-01-04 19:44:35.073
14|2329|en-nz |2026-01-04 19:44:35.083
14|2330|id    |2026-01-04 19:44:35.110
14|2331|it    |2026-01-04 19:44:35.117
14|2332|ja    |2026-01-04 19:44:35.127
14|2333|ko    |2026-01-04 19:44:35.133
14|2334|nl    |2026-01-04 19:44:35.143
14|2335|pt    |2026-01-04 19:44:35.157
14|2336|ru    |2026-01-04 19:44:35.167
14|2337|tr    |2026-01-04 19:44:35.180
14|2338|vi    |2026-01-04 19:44:35.193
14|2339|zh    |2026-01-04 19:44:35.203
15|2340|de    |2026-01-04 19:44:55.123
15|2341|en-au |2026-01-04 19:44:55.133
15|2342|en-ca |2026-01-04 19:44:55.147
15|2343|en-gb |2026-01-04 19:44:55.157
15|2344|en-ie |2026-01-04 19:44:55.163
15|2345|en-nz |2026-01-04 19:44:55.173
15|2346|id    |2026-01-04 19:44:55.200
15|2347|it    |2026-01-04 19:44:55.210
15|2348|ja    |2026-01-04 19:44:55.220
15|2349|ko    |2026-01-04 19:44:55.230
15|2350|nl    |2026-01-04 19:44:55.240
15|2351|pt    |2026-01-04 19:44:55.247
15|2352|ru    |2026-01-04 19:44:55.257
15|2353|tr    |2026-01-04 19:44:55.270
15|2354|vi    |2026-01-04 19:44:55.280
15|2355|zh    |2026-01-04 19:44:55.290
16|2356|de    |2026-01-04 19:45:23.597
16|2357|en-au |2026-01-04 19:45:23.603
16|2358|en-ca |2026-01-04 19:45:23.613
16|2359|en-gb |2026-01-04 19:45:23.623
16|2360|en-ie |2026-01-04 19:45:23.630
16|2361|en-nz |2026-01-04 19:45:23.640
16|2363|id    |2026-01-04 19:45:23.670
16|2364|it    |2026-01-04 19:45:23.683
16|2365|ja    |2026-01-04 19:45:23.690
16|2366|ko    |2026-01-04 19:45:23.700
16|2367|nl    |2026-01-04 19:45:23.710
16|2368|pt    |2026-01-04 19:45:23.720
16|2369|ru    |2026-01-04 19:45:23.730
16|2370|tr    |2026-01-04 19:45:23.743
16|2371|vi    |2026-01-04 19:45:23.753
16|2372|zh    |2026-01-04 19:45:23.760
17|2373|de    |2026-01-04 19:45:52.613
17|2374|en-au |2026-01-04 19:45:52.623
17|2375|en-ca |2026-01-04 19:45:52.633
17|2376|en-gb |2026-01-04 19:45:52.643
17|2377|en-ie |2026-01-04 19:45:52.653
17|2378|en-nz |2026-01-04 19:45:52.660
17|2379|id    |2026-01-04 19:45:52.687
17|2380|it    |2026-01-04 19:45:52.693
17|2381|ja    |2026-01-04 19:45:52.703
17|2382|ko    |2026-01-04 19:45:52.710
17|2383|nl    |2026-01-04 19:45:52.720
17|2384|pt    |2026-01-04 19:45:52.730
17|2385|ru    |2026-01-04 19:45:52.737
17|2386|tr    |2026-01-04 19:45:52.753
17|2387|vi    |2026-01-04 19:45:52.760
17|2388|zh    |2026-01-04 19:45:52.770
18|2389|de    |2026-01-04 19:46:14.880
18|2390|en-au |2026-01-04 19:46:14.890
18|2391|en-ca |2026-01-04 19:46:14.900
18|2392|en-gb |2026-01-04 19:46:14.913
18|2393|en-ie |2026-01-04 19:46:14.923
18|2394|en-nz |2026-01-04 19:46:14.933
18|2396|id    |2026-01-04 19:46:14.963
18|2397|it    |2026-01-04 19:46:14.977
18|2398|ja    |2026-01-04 19:46:14.983
18|2399|ko    |2026-01-04 19:46:14.993
18|2400|nl    |2026-01-04 19:46:15.000
18|2401|pt    |2026-01-04 19:46:15.010
18|2402|ru    |2026-01-04 19:46:15.020
18|2403|tr    |2026-01-04 19:46:15.037
18|2404|vi    |2026-01-04 19:46:15.043
18|2405|zh    |2026-01-04 19:46:15.053
19|2406|de    |2026-01-04 19:46:38.297
19|2407|en-au |2026-01-04 19:46:38.307
19|2408|en-ca |2026-01-04 19:46:38.317
19|2409|en-gb |2026-01-04 19:46:38.323
19|2410|en-ie |2026-01-04 19:46:38.333
19|2411|en-nz |2026-01-04 19:46:38.343
19|2413|id    |2026-01-04 19:46:38.373
19|2414|it    |2026-01-04 19:46:38.383
19|2415|ja    |2026-01-04 19:46:38.390
19|2416|ko    |2026-01-04 19:46:38.400
19|2417|nl    |2026-01-04 19:46:38.410
19|2418|pt    |2026-01-04 19:46:38.420
19|2419|ru    |2026-01-04 19:46:38.427
19|2420|tr    |2026-01-04 19:46:38.443
19|2421|vi    |2026-01-04 19:46:38.450
19|2422|zh    |2026-01-04 19:46:38.460
20|2423|de    |2026-01-04 19:46:59.287
20|2424|en-au |2026-01-04 19:46:59.297
20|2425|en-ca |2026-01-04 19:46:59.307
20|2426|en-gb |2026-01-04 19:46:59.320
20|2427|en-ie |2026-01-04 19:46:59.327
20|2428|en-nz |2026-01-04 19:46:59.337
20|2430|id    |2026-01-04 19:46:59.367
20|2431|it    |2026-01-04 19:46:59.377
20|2432|ja    |2026-01-04 19:46:59.387
20|2433|ko    |2026-01-04 19:46:59.400
20|2434|nl    |2026-01-04 19:46:59.407
20|2435|pt    |2026-01-04 19:46:59.417
20|2436|ru    |2026-01-04 19:46:59.427
20|2437|tr    |2026-01-04 19:46:59.440
20|2438|vi    |2026-01-04 19:46:59.450
20|2439|zh    |2026-01-04 19:46:59.457
21|2440|de    |2026-01-04 19:47:30.150
21|2441|en-au |2026-01-04 19:47:30.163
21|2442|en-ca |2026-01-04 19:47:30.177
21|2443|en-gb |2026-01-04 19:47:30.303
21|2444|en-ie |2026-01-04 19:47:30.317
21|2445|en-nz |2026-01-04 19:47:30.330
21|2447|id    |2026-01-04 19:47:30.377
21|2448|it    |2026-01-04 19:47:30.387
21|2449|ja    |2026-01-04 19:47:30.397
21|2450|ko    |2026-01-04 19:47:30.403
21|2451|nl    |2026-01-04 19:47:30.413
21|2452|pt    |2026-01-04 19:47:30.423
21|2453|ru    |2026-01-04 19:47:30.433
21|2454|tr    |2026-01-04 19:47:30.450
21|2455|vi    |2026-01-04 19:47:30.460
21|2456|zh    |2026-01-04 19:47:30.470
22|2457|de    |2026-01-04 19:47:49.870
22|2458|en-au |2026-01-04 19:47:49.880
22|2459|en-ca |2026-01-04 19:47:50.040
22|2460|en-gb |2026-01-04 19:47:50.050
22|2461|en-ie |2026-01-04 19:47:50.060
22|2462|en-nz |2026-01-04 19:47:50.070
22|2463|id    |2026-01-04 19:47:50.097
22|2464|it    |2026-01-04 19:47:50.107
22|2465|ja    |2026-01-04 19:47:50.113
22|2466|ko    |2026-01-04 19:47:50.123
22|2467|nl    |2026-01-04 19:47:50.130
22|2468|pt    |2026-01-04 19:47:50.140
22|2469|ru    |2026-01-04 19:47:50.150
22|2470|tr    |2026-01-04 19:47:50.163
22|2471|vi    |2026-01-04 19:47:50.173
22|2472|zh    |2026-01-04 19:47:50.183
23|2473|de    |2026-01-04 19:48:12.393
23|2474|en-au |2026-01-04 19:48:12.407
23|2475|en-ca |2026-01-04 19:48:12.420
23|2476|en-gb |2026-01-04 19:48:12.430
23|2477|en-ie |2026-01-04 19:48:12.443
23|2478|en-nz |2026-01-04 19:48:12.457
23|2479|id    |2026-01-04 19:48:12.493
23|2480|it    |2026-01-04 19:48:12.503
23|2481|ja    |2026-01-04 19:48:12.517
23|2482|ko    |2026-01-04 19:48:12.523
23|2483|nl    |2026-01-04 19:48:12.540
23|2484|pt    |2026-01-04 19:48:12.547
23|2485|ru    |2026-01-04 19:48:12.557
23|2486|tr    |2026-01-04 19:48:12.570
23|2487|vi    |2026-01-04 19:48:12.580
23|2488|zh    |2026-01-04 19:48:12.590
24|2489|de    |2026-01-04 19:48:30.283
24|2490|en-au |2026-01-04 19:48:30.293
24|2491|en-ca |2026-01-04 19:48:30.303
24|2492|en-gb |2026-01-04 19:48:30.310
24|2493|en-ie |2026-01-04 19:48:30.320
24|2494|en-nz |2026-01-04 19:48:30.330
24|2495|id    |2026-01-04 19:48:30.357
24|2496|it    |2026-01-04 19:48:30.363
24|2497|ja    |2026-01-04 19:48:30.373
24|2498|ko    |2026-01-04 19:48:30.383
24|2499|nl    |2026-01-04 19:48:30.390
24|2500|pt    |2026-01-04 19:48:30.400
24|2501|ru    |2026-01-04 19:48:30.410
24|2502|tr    |2026-01-04 19:48:30.423
24|2503|vi    |2026-01-04 19:48:30.433
24|2504|zh    |2026-01-04 19:48:30.443
25|2505|de    |2026-01-04 19:48:53.187
25|2506|en-au |2026-01-04 19:48:53.200
25|2507|en-ca |2026-01-04 19:48:53.210
25|2508|en-gb |2026-01-04 19:48:53.223
25|2509|en-ie |2026-01-04 19:48:53.240
25|2510|en-nz |2026-01-04 19:48:53.253
25|2512|id    |2026-01-04 19:48:53.293
25|2513|it    |2026-01-04 19:48:53.307
25|2514|ja    |2026-01-04 19:48:53.313
25|2515|ko    |2026-01-04 19:48:53.323
25|2516|nl    |2026-01-04 19:48:53.333
25|2517|pt    |2026-01-04 19:48:53.343
25|2518|ru    |2026-01-04 19:48:53.350
25|2519|tr    |2026-01-04 19:48:53.367
25|2520|vi    |2026-01-04 19:48:53.377
25|2521|zh    |2026-01-04 19:48:53.387
26|2522|de    |2026-01-04 19:49:12.670
26|2523|en-au |2026-01-04 19:49:12.680
26|2524|en-ca |2026-01-04 19:49:12.690
26|2525|en-gb |2026-01-04 19:49:12.700
26|2526|en-ie |2026-01-04 19:49:12.710
26|2527|en-nz |2026-01-04 19:49:12.720
26|2529|id    |2026-01-04 19:49:12.753
26|2530|it    |2026-01-04 19:49:12.763
26|2531|ja    |2026-01-04 19:49:12.773
26|2532|ko    |2026-01-04 19:49:12.783
26|2533|nl    |2026-01-04 19:49:12.793
26|2534|pt    |2026-01-04 19:49:12.803
26|2535|ru    |2026-01-04 19:49:12.813
26|2536|tr    |2026-01-04 19:49:12.827
26|2537|vi    |2026-01-04 19:49:12.837
26|2538|zh    |2026-01-04 19:49:12.843
27|2539|de    |2026-01-04 19:49:38.353
27|2540|en-au |2026-01-04 19:49:38.367
27|2541|en-ca |2026-01-04 19:49:38.380
27|2542|en-gb |2026-01-04 19:49:38.390
27|2543|en-ie |2026-01-04 19:49:38.403
27|2544|en-nz |2026-01-04 19:49:38.417
27|2545|id    |2026-01-04 19:49:38.453
27|2546|it    |2026-01-04 19:49:38.470
27|2547|ja    |2026-01-04 19:49:38.480
27|2548|ko    |2026-01-04 19:49:38.490
27|2549|nl    |2026-01-04 19:49:38.503
27|2550|pt    |2026-01-04 19:49:38.510
27|2551|ru    |2026-01-04 19:49:38.523
27|2552|tr    |2026-01-04 19:49:38.540
27|2553|vi    |2026-01-04 19:49:38.550
27|2554|zh    |2026-01-04 19:49:38.557
28|2555|de    |2026-01-04 19:50:11.347
28|2556|en-au |2026-01-04 19:50:11.360
28|2557|en-ca |2026-01-04 19:50:11.377
28|2558|en-gb |2026-01-04 19:50:11.390
28|2559|en-ie |2026-01-04 19:50:11.403
28|2560|en-nz |2026-01-04 19:50:11.417
28|2562|id    |2026-01-04 19:50:11.460
28|2563|it    |2026-01-04 19:50:11.470
28|2564|ja    |2026-01-04 19:50:11.480
28|2565|ko    |2026-01-04 19:50:11.490
28|2566|nl    |2026-01-04 19:50:11.500
28|2567|pt    |2026-01-04 19:50:11.513
28|2568|ru    |2026-01-04 19:50:11.527
28|2569|tr    |2026-01-04 19:50:11.543
28|2570|vi    |2026-01-04 19:50:11.553
28|2571|zh    |2026-01-04 19:50:11.560
29|2572|de    |2026-01-04 19:50:28.233
29|2573|en-au |2026-01-04 19:50:28.243
29|2574|en-ca |2026-01-04 19:50:28.250
29|2575|en-gb |2026-01-04 19:50:28.267
29|2576|en-ie |2026-01-04 19:50:28.273
29|2577|en-nz |2026-01-04 19:50:28.283
29|2579|id    |2026-01-04 19:50:28.320
29|2580|it    |2026-01-04 19:50:28.327
29|2581|ja    |2026-01-04 19:50:28.337
29|2582|ko    |2026-01-04 19:50:28.347
29|2583|nl    |2026-01-04 19:50:28.357
29|2584|pt    |2026-01-04 19:50:28.367
29|2585|ru    |2026-01-04 19:50:28.377
29|2586|tr    |2026-01-04 19:50:28.393
29|2587|vi    |2026-01-04 19:50:28.400
29|2588|zh    |2026-01-04 19:50:28.410
30|2589|de    |2026-01-04 19:50:45.997
30|2590|en-au |2026-01-04 19:50:46.017
30|2591|en-ca |2026-01-04 19:50:46.030
30|2592|en-gb |2026-01-04 19:50:46.047
30|2593|en-ie |2026-01-04 19:50:46.060
30|2594|en-nz |2026-01-04 19:50:46.073
30|2596|id    |2026-01-04 19:50:46.113
30|2597|it    |2026-01-04 19:50:46.127
30|2598|ja    |2026-01-04 19:50:46.137
30|2599|ko    |2026-01-04 19:50:46.147
30|2600|nl    |2026-01-04 19:50:46.157
30|2601|pt    |2026-01-04 19:50:46.163
30|2602|ru    |2026-01-04 19:50:46.173
30|2603|tr    |2026-01-04 19:50:46.190
30|2604|vi    |2026-01-04 19:50:46.200
30|2605|zh    |2026-01-04 19:50:46.207
31|2606|de    |2026-01-04 19:51:12.500
31|2607|en-au |2026-01-04 19:51:12.510
31|2608|en-ca |2026-01-04 19:51:12.520
31|2609|en-gb |2026-01-04 19:51:12.530
31|2610|en-ie |2026-01-04 19:51:12.540
31|2611|en-nz |2026-01-04 19:51:12.553
31|2612|id    |2026-01-04 19:51:12.583
31|2613|it    |2026-01-04 19:51:12.593
31|2614|ja    |2026-01-04 19:51:12.600
31|2615|ko    |2026-01-04 19:51:12.610
31|2616|nl    |2026-01-04 19:51:12.620
31|2617|pt    |2026-01-04 19:51:12.633
31|2618|ru    |2026-01-04 19:51:12.643
31|2619|tr    |2026-01-04 19:51:12.660
31|2620|vi    |2026-01-04 19:51:12.670
31|2621|zh    |2026-01-04 19:51:12.680
32|2622|de    |2026-01-04 19:51:37.710
32|2623|en-au |2026-01-04 19:51:37.720
32|2624|en-ca |2026-01-04 19:51:37.727
32|2625|en-gb |2026-01-04 19:51:37.737
32|2626|en-ie |2026-01-04 19:51:37.747
32|2627|en-nz |2026-01-04 19:51:37.757
32|2628|id    |2026-01-04 19:51:37.787
32|2629|it    |2026-01-04 19:51:37.797
32|2630|ja    |2026-01-04 19:51:37.810
32|2631|ko    |2026-01-04 19:51:37.820
32|2632|nl    |2026-01-04 19:51:37.830
32|2633|pt    |2026-01-04 19:51:37.837
32|2634|ru    |2026-01-04 19:51:37.847
32|2635|tr    |2026-01-04 19:51:37.860
32|2636|vi    |2026-01-04 19:51:37.870
32|2637|zh    |2026-01-04 19:51:37.880
33|2638|de    |2026-01-04 19:51:57.837
33|2639|en-au |2026-01-04 19:51:57.847
33|2640|en-ca |2026-01-04 19:51:57.857
33|2641|en-gb |2026-01-04 19:51:57.863
33|2642|en-ie |2026-01-04 19:51:57.873
33|2643|en-nz |2026-01-04 19:51:57.883
33|2645|id    |2026-01-04 19:51:57.913
33|2646|it    |2026-01-04 19:51:57.923
33|2647|ja    |2026-01-04 19:51:57.930
33|2648|ko    |2026-01-04 19:51:57.940
33|2649|nl    |2026-01-04 19:51:57.950
33|2650|pt    |2026-01-04 19:51:57.960
33|2651|ru    |2026-01-04 19:51:57.970
33|2652|tr    |2026-01-04 19:51:57.983
33|2653|vi    |2026-01-04 19:51:57.993
33|2654|zh    |2026-01-04 19:51:58.003
34|2655|de    |2026-01-04 19:52:19.300
34|2656|en-au |2026-01-04 19:52:19.310
34|2657|en-ca |2026-01-04 19:52:19.320
34|2658|en-gb |2026-01-04 19:52:19.330
34|2659|en-ie |2026-01-04 19:52:19.343
34|2660|en-nz |2026-01-04 19:52:19.353
34|2661|id    |2026-01-04 19:52:19.387
34|2662|it    |2026-01-04 19:52:19.397
34|2663|ja    |2026-01-04 19:52:19.437
34|2664|ko    |2026-01-04 19:52:19.447
34|2665|nl    |2026-01-04 19:52:19.457
34|2666|pt    |2026-01-04 19:52:19.467
34|2667|ru    |2026-01-04 19:52:19.477
34|2668|tr    |2026-01-04 19:52:19.497
34|2669|vi    |2026-01-04 19:52:19.507
34|2670|zh    |2026-01-04 19:52:19.517
35|2671|de    |2026-01-04 19:52:42.967
35|2672|en-au |2026-01-04 19:52:42.977
35|2673|en-ca |2026-01-04 19:52:42.987
35|2674|en-gb |2026-01-04 19:52:42.993
35|2675|en-ie |2026-01-04 19:52:43.003
35|2676|en-nz |2026-01-04 19:52:43.013
35|2677|id    |2026-01-04 19:52:43.040
35|2678|it    |2026-01-04 19:52:43.050
35|2679|ja    |2026-01-04 19:52:43.060
35|2680|ko    |2026-01-04 19:52:43.067
35|2681|nl    |2026-01-04 19:52:43.077
35|2682|pt    |2026-01-04 19:52:43.087
35|2683|ru    |2026-01-04 19:52:43.097
35|2684|tr    |2026-01-04 19:52:43.113
35|2685|vi    |2026-01-04 19:52:43.120
35|2686|zh    |2026-01-04 19:52:43.130
36|2687|de    |2026-01-04 19:53:04.253
36|2688|en-au |2026-01-04 19:53:04.263
36|2689|en-ca |2026-01-04 19:53:04.273
36|2690|en-gb |2026-01-04 19:53:04.283
36|2691|en-ie |2026-01-04 19:53:04.293
36|2692|en-nz |2026-01-04 19:53:04.300
36|2693|id    |2026-01-04 19:53:04.330
36|2694|it    |2026-01-04 19:53:04.337
36|2695|ja    |2026-01-04 19:53:04.347
36|2696|ko    |2026-01-04 19:53:04.357
36|2697|nl    |2026-01-04 19:53:04.367
36|2698|pt    |2026-01-04 19:53:04.377
36|2699|ru    |2026-01-04 19:53:04.390
36|2700|tr    |2026-01-04 19:53:04.403
36|2701|vi    |2026-01-04 19:53:04.413
36|2702|zh    |2026-01-04 19:53:04.423
37|2703|de    |2026-01-04 19:53:29.097
37|2704|en-au |2026-01-04 19:53:29.107
37|2705|en-ca |2026-01-04 19:53:29.117
37|2706|en-gb |2026-01-04 19:53:29.127
37|2707|en-ie |2026-01-04 19:53:29.137
37|2708|en-nz |2026-01-04 19:53:29.143
37|2709|id    |2026-01-04 19:53:29.170
37|2710|it    |2026-01-04 19:53:29.180
37|2711|ja    |2026-01-04 19:53:29.190
37|2712|ko    |2026-01-04 19:53:29.197
37|2713|nl    |2026-01-04 19:53:29.207
37|2714|pt    |2026-01-04 19:53:29.217
37|2715|ru    |2026-01-04 19:53:29.223
37|2716|tr    |2026-01-04 19:53:29.240
37|2717|vi    |2026-01-04 19:53:29.250
37|2718|zh    |2026-01-04 19:53:29.257
38|2719|de    |2026-01-04 19:53:57.587
38|2720|en-au |2026-01-04 19:53:57.597
38|2721|en-ca |2026-01-04 19:53:57.607
38|2722|en-gb |2026-01-04 19:53:57.617
38|2723|en-ie |2026-01-04 19:53:57.627
38|2724|en-nz |2026-01-04 19:53:57.633
38|2725|id    |2026-01-04 19:53:57.660
38|2726|it    |2026-01-04 19:53:57.670
38|2727|ja    |2026-01-04 19:53:57.680
38|2728|ko    |2026-01-04 19:53:57.690
38|2729|nl    |2026-01-04 19:53:57.700
38|2730|pt    |2026-01-04 19:53:57.707
38|2731|ru    |2026-01-04 19:53:57.717
38|2732|tr    |2026-01-04 19:53:57.730
38|2733|vi    |2026-01-04 19:53:57.740
38|2734|zh    |2026-01-04 19:53:57.750
39|2735|de    |2026-01-04 19:54:05.883
39|2736|en-au |2026-01-04 19:54:05.893
39|2737|en-ca |2026-01-04 19:54:05.903
39|2738|en-gb |2026-01-04 19:54:05.913
39|2739|en-ie |2026-01-04 19:54:05.923
39|2740|en-nz |2026-01-04 19:54:05.930
39|2742|id    |2026-01-04 19:54:05.960
39|2743|it    |2026-01-04 19:54:05.967
39|2744|ja    |2026-01-04 19:54:05.977
39|2745|ko    |2026-01-04 19:54:05.987
39|2746|nl    |2026-01-04 19:54:05.993
39|2747|pt    |2026-01-04 19:54:06.003
39|2748|ru    |2026-01-04 19:54:06.013
39|2749|tr    |2026-01-04 19:54:06.030
39|2750|vi    |2026-01-04 19:54:06.037
39|2751|zh    |2026-01-04 19:54:06.047
40|2752|de    |2026-01-04 19:54:19.207
40|2753|en-au |2026-01-04 19:54:19.217
40|2754|en-ca |2026-01-04 19:54:19.223
40|2755|en-gb |2026-01-04 19:54:19.233
40|2756|en-ie |2026-01-04 19:54:19.243
40|2757|en-nz |2026-01-04 19:54:19.250
40|2759|id    |2026-01-04 19:54:19.280
40|2760|it    |2026-01-04 19:54:19.290
40|2761|ja    |2026-01-04 19:54:19.297
40|2762|ko    |2026-01-04 19:54:19.307
40|2763|nl    |2026-01-04 19:54:19.317
40|2764|pt    |2026-01-04 19:54:19.330
40|2765|ru    |2026-01-04 19:54:19.337
40|2766|tr    |2026-01-04 19:54:19.350
40|2767|vi    |2026-01-04 19:54:19.360
40|2768|zh    |2026-01-04 19:54:19.370
41|2769|de    |2026-01-04 19:54:34.330
41|2770|en-au |2026-01-04 19:54:34.340
41|2771|en-ca |2026-01-04 19:54:34.347
41|2772|en-gb |2026-01-04 19:54:34.357
41|2773|en-ie |2026-01-04 19:54:34.367
41|2774|en-nz |2026-01-04 19:54:34.377
41|2776|id    |2026-01-04 19:54:34.403
41|2777|it    |2026-01-04 19:54:34.410
41|2778|ja    |2026-01-04 19:54:34.420
41|2779|ko    |2026-01-04 19:54:34.430
41|2780|nl    |2026-01-04 19:54:34.440
41|2781|pt    |2026-01-04 19:54:34.447
41|2782|ru    |2026-01-04 19:54:34.457
41|2783|tr    |2026-01-04 19:54:34.473
41|2784|vi    |2026-01-04 19:54:34.483
41|2785|zh    |2026-01-04 19:54:34.490
42|2786|de    |2026-01-04 19:54:54.690
42|2787|en-au |2026-01-04 19:54:54.700
42|2788|en-ca |2026-01-04 19:54:54.713
42|2789|en-gb |2026-01-04 19:54:54.727
42|2790|en-ie |2026-01-04 19:54:54.740
42|2791|en-nz |2026-01-04 19:54:54.750
42|2792|id    |2026-01-04 19:54:54.787
42|2793|it    |2026-01-04 19:54:54.800
42|2794|ja    |2026-01-04 19:54:54.807
42|2795|ko    |2026-01-04 19:54:54.817
42|2796|nl    |2026-01-04 19:54:54.823
42|2797|pt    |2026-01-04 19:54:54.833
42|2798|ru    |2026-01-04 19:54:54.843
42|2799|tr    |2026-01-04 19:54:54.857
42|2800|vi    |2026-01-04 19:54:54.867
42|2801|zh    |2026-01-04 19:54:54.873
43|2802|de    |2026-01-04 19:55:18.760
43|2803|en-au |2026-01-04 19:55:18.770
43|2804|en-ca |2026-01-04 19:55:18.780
43|2805|en-gb |2026-01-04 19:55:18.787
43|2806|en-ie |2026-01-04 19:55:18.797
43|2807|en-nz |2026-01-04 19:55:18.807
43|2808|id    |2026-01-04 19:55:18.833
43|2809|it    |2026-01-04 19:55:18.843
43|2810|ja    |2026-01-04 19:55:18.850
43|2811|ko    |2026-01-04 19:55:18.860
43|2812|nl    |2026-01-04 19:55:18.870
43|2813|pt    |2026-01-04 19:55:18.877
43|2814|ru    |2026-01-04 19:55:18.887
43|2815|tr    |2026-01-04 19:55:18.900
43|2816|vi    |2026-01-04 19:55:18.910
43|2817|zh    |2026-01-04 19:55:18.920
44|2818|de    |2026-01-04 19:55:40.187
44|2819|en-au |2026-01-04 19:55:40.197
44|2820|en-ca |2026-01-04 19:55:40.207
44|2821|en-gb |2026-01-04 19:55:40.217
44|2822|en-ie |2026-01-04 19:55:40.223
44|2823|en-nz |2026-01-04 19:55:40.237
44|2824|id    |2026-01-04 19:55:40.260
44|2825|it    |2026-01-04 19:55:40.270
44|2826|ja    |2026-01-04 19:55:40.280
44|2827|ko    |2026-01-04 19:55:40.290
44|2828|nl    |2026-01-04 19:55:40.297
44|2829|pt    |2026-01-04 19:55:40.307
44|2830|ru    |2026-01-04 19:55:40.317
44|2831|tr    |2026-01-04 19:55:40.330
44|2832|vi    |2026-01-04 19:55:40.340
44|2833|zh    |2026-01-04 19:55:40.350
45|2834|de    |2026-01-04 19:56:06.490
45|2835|en-au |2026-01-04 19:56:06.500
45|2836|en-ca |2026-01-04 19:56:06.507
45|2837|en-gb |2026-01-04 19:56:06.517
45|2838|en-ie |2026-01-04 19:56:06.527
45|2839|en-nz |2026-01-04 19:56:06.537
45|2840|id    |2026-01-04 19:56:06.563
45|2841|it    |2026-01-04 19:56:06.573
45|2842|ja    |2026-01-04 19:56:06.583
45|2843|ko    |2026-01-04 19:56:06.590
45|2844|nl    |2026-01-04 19:56:06.600
45|2845|pt    |2026-01-04 19:56:06.610
45|2846|ru    |2026-01-04 19:56:06.620
45|2847|tr    |2026-01-04 19:56:06.637
45|2848|vi    |2026-01-04 19:56:06.647
45|2849|zh    |2026-01-04 19:56:06.653
46|2850|de    |2026-01-04 19:56:28.630
46|2851|en-au |2026-01-04 19:56:28.640
46|2852|en-ca |2026-01-04 19:56:28.650
46|2853|en-gb |2026-01-04 19:56:28.660
46|2854|en-ie |2026-01-04 19:56:28.670
46|2855|en-nz |2026-01-04 19:56:28.680
46|2856|id    |2026-01-04 19:56:28.707
46|2857|it    |2026-01-04 19:56:28.720
46|2858|ja    |2026-01-04 19:56:28.730
46|2859|ko    |2026-01-04 19:56:28.740
46|2860|nl    |2026-01-04 19:56:28.750
46|2861|pt    |2026-01-04 19:56:28.757
46|2862|ru    |2026-01-04 19:56:28.767
46|2863|tr    |2026-01-04 19:56:28.783
46|2864|vi    |2026-01-04 19:56:28.793
46|2865|zh    |2026-01-04 19:56:28.803
47|2866|de    |2026-01-04 19:56:49.633
47|2867|en-au |2026-01-04 19:56:49.643
47|2868|en-ca |2026-01-04 19:56:49.653
47|2869|en-gb |2026-01-04 19:56:49.660
47|2870|en-ie |2026-01-04 19:56:49.670
47|2871|en-nz |2026-01-04 19:56:49.683
47|2872|id    |2026-01-04 19:56:49.710
47|2873|it    |2026-01-04 19:56:49.717
47|2874|ja    |2026-01-04 19:56:49.727
47|2875|ko    |2026-01-04 19:56:49.737
47|2876|nl    |2026-01-04 19:56:49.743
47|2877|pt    |2026-01-04 19:56:49.753
47|2878|ru    |2026-01-04 19:56:49.763
47|2879|tr    |2026-01-04 19:56:49.780
47|2880|vi    |2026-01-04 19:56:49.790
47|2881|zh    |2026-01-04 19:56:49.800
48|2882|de    |2026-01-04 19:57:10.157
48|2883|en-au |2026-01-04 19:57:10.170
48|2884|en-ca |2026-01-04 19:57:10.180
48|2885|en-gb |2026-01-04 19:57:10.190
48|2886|en-ie |2026-01-04 19:57:10.203
48|2887|en-nz |2026-01-04 19:57:10.213
48|2888|id    |2026-01-04 19:57:10.243
48|2889|it    |2026-01-04 19:57:10.253
48|2890|ja    |2026-01-04 19:57:10.260
48|2891|ko    |2026-01-04 19:57:10.270
48|2892|nl    |2026-01-04 19:57:10.280
48|2893|pt    |2026-01-04 19:57:10.290
48|2894|ru    |2026-01-04 19:57:10.300
48|2895|tr    |2026-01-04 19:57:10.317
48|2896|vi    |2026-01-04 19:57:10.327
48|2897|zh    |2026-01-04 19:57:10.337
49|2898|de    |2026-01-04 19:57:33.963
49|2899|en-au |2026-01-04 19:57:33.973
49|2900|en-ca |2026-01-04 19:57:33.983
49|2901|en-gb |2026-01-04 19:57:33.990
49|2902|en-ie |2026-01-04 19:57:34.000
49|2903|en-nz |2026-01-04 19:57:34.013
49|2904|id    |2026-01-04 19:57:34.043
49|2905|it    |2026-01-04 19:57:34.053
49|2906|ja    |2026-01-04 19:57:34.063
49|2907|ko    |2026-01-04 19:57:34.073
49|2908|nl    |2026-01-04 19:57:34.080
49|2909|pt    |2026-01-04 19:57:34.090
49|2910|ru    |2026-01-04 19:57:34.100
49|2911|tr    |2026-01-04 19:57:34.117
49|2912|vi    |2026-01-04 19:57:34.123
49|2913|zh    |2026-01-04 19:57:34.133
50|2914|de    |2026-01-04 19:57:54.763
50|2915|en-au |2026-01-04 19:57:54.770
50|2916|en-ca |2026-01-04 19:57:54.780
50|2917|en-gb |2026-01-04 19:57:54.790
50|2918|en-ie |2026-01-04 19:57:54.800
50|2919|en-nz |2026-01-04 19:57:54.810
50|2920|id    |2026-01-04 19:57:54.837
50|2921|it    |2026-01-04 19:57:54.843
50|2922|ja    |2026-01-04 19:57:54.857
50|2923|ko    |2026-01-04 19:57:54.870
50|2924|nl    |2026-01-04 19:57:54.880
50|2925|pt    |2026-01-04 19:57:54.890
50|2926|ru    |2026-01-04 19:57:54.900
50|2927|tr    |2026-01-04 19:57:54.917
50|2928|vi    |2026-01-04 19:57:54.927
50|2929|zh    |2026-01-04 19:57:54.937
51|2930|de    |2026-01-04 19:58:15.020
51|2931|en-au |2026-01-04 19:58:15.030
51|2932|en-ca |2026-01-04 19:58:15.040
51|2933|en-gb |2026-01-04 19:58:15.047
51|2934|en-ie |2026-01-04 19:58:15.057
51|2935|en-nz |2026-01-04 19:58:15.067
51|2936|id    |2026-01-04 19:58:15.093
51|2937|it    |2026-01-04 19:58:15.103
51|2938|ja    |2026-01-04 19:58:15.113
51|2939|ko    |2026-01-04 19:58:15.123
51|2940|nl    |2026-01-04 19:58:15.127
51|2941|pt    |2026-01-04 19:58:15.127
51|2942|ru    |2026-01-04 19:58:15.133
51|2943|tr    |2026-01-04 19:58:15.153
51|2944|vi    |2026-01-04 19:58:15.163
51|2945|zh    |2026-01-04 19:58:15.170
52|2946|de    |2026-01-04 19:58:40.380
52|2947|en-au |2026-01-04 19:58:40.390
52|2948|en-ca |2026-01-04 19:58:40.400
52|2949|en-gb |2026-01-04 19:58:40.410
52|2950|en-ie |2026-01-04 19:58:40.420
52|2951|en-nz |2026-01-04 19:58:40.430
52|2952|id    |2026-01-04 19:58:40.457
52|2953|it    |2026-01-04 19:58:40.470
52|2954|ja    |2026-01-04 19:58:40.480
52|2955|ko    |2026-01-04 19:58:40.490
52|2956|nl    |2026-01-04 19:58:40.497
52|2957|pt    |2026-01-04 19:58:40.507
52|2958|ru    |2026-01-04 19:58:40.517
52|2959|tr    |2026-01-04 19:58:40.530
52|2960|vi    |2026-01-04 19:58:40.540
52|2961|zh    |2026-01-04 19:58:40.550
53|2962|de    |2026-01-04 19:58:58.543
53|2963|en-au |2026-01-04 19:58:58.553
53|2964|en-ca |2026-01-04 19:58:58.567
53|2965|en-gb |2026-01-04 19:58:58.577
53|2966|en-ie |2026-01-04 19:58:58.587
53|2967|en-nz |2026-01-04 19:58:58.593
53|2968|id    |2026-01-04 19:58:58.620
53|2969|it    |2026-01-04 19:58:58.630
53|2970|ja    |2026-01-04 19:58:58.640
53|2971|ko    |2026-01-04 19:58:58.647
53|2972|nl    |2026-01-04 19:58:58.660
53|2973|pt    |2026-01-04 19:58:58.670
53|2974|ru    |2026-01-04 19:58:58.677
53|2975|tr    |2026-01-04 19:58:58.693
53|2976|vi    |2026-01-04 19:58:58.703
53|2977|zh    |2026-01-04 19:58:58.713
54|2978|de    |2026-01-04 19:59:16.080
54|2979|en-au |2026-01-04 19:59:16.093
54|2980|en-ca |2026-01-04 19:59:16.110
54|2981|en-gb |2026-01-04 19:59:16.120
54|2982|en-ie |2026-01-04 19:59:16.137
54|2983|en-nz |2026-01-04 19:59:16.150
54|2984|id    |2026-01-04 19:59:16.187
54|2985|it    |2026-01-04 19:59:16.200
54|2986|ja    |2026-01-04 19:59:16.210
54|2987|ko    |2026-01-04 19:59:16.220
54|2988|nl    |2026-01-04 19:59:16.230
54|2989|pt    |2026-01-04 19:59:16.240
54|2990|ru    |2026-01-04 19:59:16.250
54|2991|tr    |2026-01-04 19:59:16.263
54|2992|vi    |2026-01-04 19:59:16.273
54|2993|zh    |2026-01-04 19:59:16.283
55|2994|de    |2026-01-04 19:59:40.643
55|2995|en-au |2026-01-04 19:59:40.657
55|2996|en-ca |2026-01-04 19:59:40.667
55|2997|en-gb |2026-01-04 19:59:40.677
55|2998|en-ie |2026-01-04 19:59:40.687
55|2999|en-nz |2026-01-04 19:59:40.697
55|3000|id    |2026-01-04 19:59:40.720
55|3001|it    |2026-01-04 19:59:40.733
55|3002|ja    |2026-01-04 19:59:40.740
55|3003|ko    |2026-01-04 19:59:40.750
55|3004|nl    |2026-01-04 19:59:40.763
55|3005|pt    |2026-01-04 19:59:40.770
55|3006|ru    |2026-01-04 19:59:40.780
55|3007|tr    |2026-01-04 19:59:40.793
55|3008|vi    |2026-01-04 19:59:40.803
55|3009|zh    |2026-01-04 19:59:40.817
56|3010|de    |2026-01-04 20:00:00.713
56|3011|en-au |2026-01-04 20:00:00.727
56|3012|en-ca |2026-01-04 20:00:00.733
56|3013|en-gb |2026-01-04 20:00:00.743
56|3014|en-ie |2026-01-04 20:00:00.757
56|3015|en-nz |2026-01-04 20:00:00.767
56|3016|id    |2026-01-04 20:00:00.797
56|3017|it    |2026-01-04 20:00:00.807
56|3018|ja    |2026-01-04 20:00:00.817
56|3019|ko    |2026-01-04 20:00:00.827
56|3020|nl    |2026-01-04 20:00:00.840
56|3021|pt    |2026-01-04 20:00:00.850
56|3022|ru    |2026-01-04 20:00:00.863
56|3023|tr    |2026-01-04 20:00:00.880
56|3024|vi    |2026-01-04 20:00:00.890
56|3025|zh    |2026-01-04 20:00:00.900
57|3026|de    |2026-01-04 20:00:20.797
57|3027|en-au |2026-01-04 20:00:20.807
57|3028|en-ca |2026-01-04 20:00:20.817
57|3029|en-gb |2026-01-04 20:00:20.827
57|3030|en-ie |2026-01-04 20:00:20.837
57|3031|en-nz |2026-01-04 20:00:20.843
57|3032|id    |2026-01-04 20:00:20.873
57|3033|it    |2026-01-04 20:00:20.883
57|3034|ja    |2026-01-04 20:00:20.893
57|3035|ko    |2026-01-04 20:00:20.903
57|3036|nl    |2026-01-04 20:00:20.913
57|3037|pt    |2026-01-04 20:00:20.923
57|3038|ru    |2026-01-04 20:00:20.937
57|3039|tr    |2026-01-04 20:00:20.953
57|3040|vi    |2026-01-04 20:00:20.963
57|3041|zh    |2026-01-04 20:00:20.973
58|3042|de    |2026-01-04 20:00:41.907
58|3043|en-au |2026-01-04 20:00:41.917
58|3044|en-ca |2026-01-04 20:00:41.927
58|3045|en-gb |2026-01-04 20:00:41.937
58|3046|en-ie |2026-01-04 20:00:41.947
58|3047|en-nz |2026-01-04 20:00:41.957
58|3048|id    |2026-01-04 20:00:41.983
58|3049|it    |2026-01-04 20:00:41.993
58|3050|ja    |2026-01-04 20:00:42.003
58|3051|ko    |2026-01-04 20:00:42.013
58|3052|nl    |2026-01-04 20:00:42.020
58|3053|pt    |2026-01-04 20:00:42.030
58|3054|ru    |2026-01-04 20:00:42.040
58|3055|tr    |2026-01-04 20:00:42.057
58|3056|vi    |2026-01-04 20:00:42.067
58|3057|zh    |2026-01-04 20:00:42.073
59|3058|de    |2026-01-04 20:01:01.037
59|3059|en-au |2026-01-04 20:01:01.047
59|3060|en-ca |2026-01-04 20:01:01.057
59|3061|en-gb |2026-01-04 20:01:01.067
59|3062|en-ie |2026-01-04 20:01:01.077
59|3063|en-nz |2026-01-04 20:01:01.087
59|3064|id    |2026-01-04 20:01:01.113
59|3065|it    |2026-01-04 20:01:01.123
59|3066|ja    |2026-01-04 20:01:01.137
59|3067|ko    |2026-01-04 20:01:01.147
59|3068|nl    |2026-01-04 20:01:01.157
59|3069|pt    |2026-01-04 20:01:01.163
59|3070|ru    |2026-01-04 20:01:01.177
59|3071|tr    |2026-01-04 20:01:01.193
59|3072|vi    |2026-01-04 20:01:01.203
59|3073|zh    |2026-01-04 20:01:01.210
60|3074|de    |2026-01-04 20:01:20.713
60|3075|en-au |2026-01-04 20:01:20.730
60|3076|en-ca |2026-01-04 20:01:20.743
60|3077|en-gb |2026-01-04 20:01:20.757
60|3078|en-ie |2026-01-04 20:01:20.770
60|3079|en-nz |2026-01-04 20:01:20.787
60|3080|id    |2026-01-04 20:01:20.827
60|3081|it    |2026-01-04 20:01:20.840
60|3082|ja    |2026-01-04 20:01:20.850
60|3083|ko    |2026-01-04 20:01:20.860
60|3084|nl    |2026-01-04 20:01:20.870
60|3085|pt    |2026-01-04 20:01:20.880
60|3086|ru    |2026-01-04 20:01:20.893
60|3087|tr    |2026-01-04 20:01:20.910
60|3088|vi    |2026-01-04 20:01:20.923
60|3089|zh    |2026-01-04 20:01:20.933
61|3090|de    |2026-01-04 20:01:43.277
61|3091|en-au |2026-01-04 20:01:43.290
61|3092|en-ca |2026-01-04 20:01:43.300
61|3093|en-gb |2026-01-04 20:01:43.310
61|3094|en-ie |2026-01-04 20:01:43.320
61|3095|en-nz |2026-01-04 20:01:43.330
61|3096|id    |2026-01-04 20:01:43.360
61|3097|it    |2026-01-04 20:01:43.370
61|3098|ja    |2026-01-04 20:01:43.380
61|3099|ko    |2026-01-04 20:01:43.390
61|3100|nl    |2026-01-04 20:01:43.400
61|3101|pt    |2026-01-04 20:01:43.410
61|3102|ru    |2026-01-04 20:01:43.417
61|3103|tr    |2026-01-04 20:01:43.433
61|3104|vi    |2026-01-04 20:01:43.443
61|3105|zh    |2026-01-04 20:01:43.450
62|3106|de    |2026-01-04 20:02:01.780
62|3107|en-au |2026-01-04 20:02:01.790
62|3108|en-ca |2026-01-04 20:02:01.800
62|3109|en-gb |2026-01-04 20:02:01.810
62|3110|en-ie |2026-01-04 20:02:01.823
62|3111|en-nz |2026-01-04 20:02:01.833
62|3112|id    |2026-01-04 20:02:01.863
62|3113|it    |2026-01-04 20:02:01.873
62|3114|ja    |2026-01-04 20:02:01.883
62|3115|ko    |2026-01-04 20:02:01.897
62|3116|nl    |2026-01-04 20:02:01.907
62|3117|pt    |2026-01-04 20:02:01.917
62|3118|ru    |2026-01-04 20:02:01.927
62|3119|tr    |2026-01-04 20:02:01.947
62|3120|vi    |2026-01-04 20:02:01.957
62|3121|zh    |2026-01-04 20:02:01.967
63|3122|de    |2026-01-04 20:02:21.040
63|3123|en-au |2026-01-04 20:02:21.053
63|3124|en-ca |2026-01-04 20:02:21.067
63|3125|en-gb |2026-01-04 20:02:21.083
63|3126|en-ie |2026-01-04 20:02:21.097
63|3127|en-nz |2026-01-04 20:02:21.110
63|3128|id    |2026-01-04 20:02:21.147
63|3129|it    |2026-01-04 20:02:21.160
63|3130|ja    |2026-01-04 20:02:21.170
63|3131|ko    |2026-01-04 20:02:21.180
63|3132|nl    |2026-01-04 20:02:21.190
63|3133|pt    |2026-01-04 20:02:21.203
63|3134|ru    |2026-01-04 20:02:21.217
63|3135|tr    |2026-01-04 20:02:21.233
63|3136|vi    |2026-01-04 20:02:21.243
63|3137|zh    |2026-01-04 20:02:21.253
64|3138|de    |2026-01-04 20:02:39.303
64|3139|en-au |2026-01-04 20:02:39.313
64|3140|en-ca |2026-01-04 20:02:39.323
64|3141|en-gb |2026-01-04 20:02:39.333
64|3142|en-ie |2026-01-04 20:02:39.347
64|3143|en-nz |2026-01-04 20:02:39.357
64|3144|id    |2026-01-04 20:02:39.387
64|3145|it    |2026-01-04 20:02:39.400
64|3146|ja    |2026-01-04 20:02:39.410
64|3147|ko    |2026-01-04 20:02:39.420
64|3148|nl    |2026-01-04 20:02:39.427
64|3149|pt    |2026-01-04 20:02:39.440
64|3150|ru    |2026-01-04 20:02:39.450
64|3151|tr    |2026-01-04 20:02:39.463
64|3152|vi    |2026-01-04 20:02:39.473
64|3153|zh    |2026-01-04 20:02:39.483
65|3154|de    |2026-01-04 20:02:59.127
65|3155|en-au |2026-01-04 20:02:59.140
65|3156|en-ca |2026-01-04 20:02:59.153
65|3157|en-gb |2026-01-04 20:02:59.167
65|3158|en-ie |2026-01-04 20:02:59.180
65|3159|en-nz |2026-01-04 20:02:59.193
65|3160|id    |2026-01-04 20:02:59.230
65|3161|it    |2026-01-04 20:02:59.240
65|3162|ja    |2026-01-04 20:02:59.250
65|3163|ko    |2026-01-04 20:02:59.260
65|3164|nl    |2026-01-04 20:02:59.267
65|3165|pt    |2026-01-04 20:02:59.277
65|3166|ru    |2026-01-04 20:02:59.287
65|3167|tr    |2026-01-04 20:02:59.300
65|3168|vi    |2026-01-04 20:02:59.310
65|3169|zh    |2026-01-04 20:02:59.320
66|3170|de    |2026-01-04 20:03:20.613
66|3171|en-au |2026-01-04 20:03:20.623
66|3172|en-ca |2026-01-04 20:03:20.637
66|3173|en-gb |2026-01-04 20:03:20.647
66|3174|en-ie |2026-01-04 20:03:20.660
66|3175|en-nz |2026-01-04 20:03:20.670
66|3176|id    |2026-01-04 20:03:20.700
66|3177|it    |2026-01-04 20:03:20.710
66|3178|ja    |2026-01-04 20:03:20.720
66|3179|ko    |2026-01-04 20:03:20.737
66|3180|nl    |2026-01-04 20:03:20.747
66|3181|pt    |2026-01-04 20:03:20.760
66|3182|ru    |2026-01-04 20:03:20.767
66|3183|tr    |2026-01-04 20:03:20.783
66|3184|vi    |2026-01-04 20:03:20.790
66|3185|zh    |2026-01-04 20:03:20.800
67|3186|de    |2026-01-04 20:03:39.363
67|3187|en-au |2026-01-04 20:03:39.373
67|3188|en-ca |2026-01-04 20:03:39.383
67|3189|en-gb |2026-01-04 20:03:39.393
67|3190|en-ie |2026-01-04 20:03:39.403
67|3191|en-nz |2026-01-04 20:03:39.413
67|3192|id    |2026-01-04 20:03:39.443
67|3193|it    |2026-01-04 20:03:39.453
67|3194|ja    |2026-01-04 20:03:39.463
67|3195|ko    |2026-01-04 20:03:39.473
67|3196|nl    |2026-01-04 20:03:39.483
67|3197|pt    |2026-01-04 20:03:39.497
67|3198|ru    |2026-01-04 20:03:39.507
67|3199|tr    |2026-01-04 20:03:39.523
67|3200|vi    |2026-01-04 20:03:39.533
67|3201|zh    |2026-01-04 20:03:39.547
68|3202|de    |2026-01-04 20:04:01.107
68|3203|en-au |2026-01-04 20:04:01.120
68|3204|en-ca |2026-01-04 20:04:01.133
68|3205|en-gb |2026-01-04 20:04:01.147
68|3206|en-ie |2026-01-04 20:04:01.157
68|3207|en-nz |2026-01-04 20:04:01.170
68|3208|id    |2026-01-04 20:04:01.210
68|3209|it    |2026-01-04 20:04:01.223
68|3210|ja    |2026-01-04 20:04:01.233
68|3211|ko    |2026-01-04 20:04:01.240
68|3212|nl    |2026-01-04 20:04:01.250
68|3213|pt    |2026-01-04 20:04:01.260
68|3214|ru    |2026-01-04 20:04:01.273
68|3215|tr    |2026-01-04 20:04:01.290
68|3216|vi    |2026-01-04 20:04:01.300
68|3217|zh    |2026-01-04 20:04:01.310
69|3218|de    |2026-01-04 20:04:19.920
69|3219|en-au |2026-01-04 20:04:19.943
69|3220|en-ca |2026-01-04 20:04:19.953
69|3221|en-gb |2026-01-04 20:04:19.967
69|3222|en-ie |2026-01-04 20:04:19.980
69|3223|en-nz |2026-01-04 20:04:19.990
69|3224|id    |2026-01-04 20:04:20.020
69|3225|it    |2026-01-04 20:04:20.030
69|3226|ja    |2026-01-04 20:04:20.040
69|3227|ko    |2026-01-04 20:04:20.050
69|3228|nl    |2026-01-04 20:04:20.067
69|3229|pt    |2026-01-04 20:04:20.077
69|3230|ru    |2026-01-04 20:04:20.083
69|3231|tr    |2026-01-04 20:04:20.100
69|3232|vi    |2026-01-04 20:04:20.110
69|3233|zh    |2026-01-04 20:04:20.120
70|3234|de    |2026-01-04 20:04:39.910
70|3235|en-au |2026-01-04 20:04:39.927
70|3236|en-ca |2026-01-04 20:04:39.940
70|3237|en-gb |2026-01-04 20:04:39.950
70|3238|en-ie |2026-01-04 20:04:39.967
70|3239|en-nz |2026-01-04 20:04:39.980
70|3240|id    |2026-01-04 20:04:40.020
70|3241|it    |2026-01-04 20:04:40.033
70|3242|ja    |2026-01-04 20:04:40.043
70|3243|ko    |2026-01-04 20:04:40.053
70|3244|nl    |2026-01-04 20:04:40.063
70|3245|pt    |2026-01-04 20:04:40.073
70|3246|ru    |2026-01-04 20:04:40.083
70|3247|tr    |2026-01-04 20:04:40.100
70|3248|vi    |2026-01-04 20:04:40.110
70|3249|zh    |2026-01-04 20:04:40.120
71|3250|de    |2026-01-04 20:04:49.923
71|3251|en-au |2026-01-04 20:04:49.933
71|3252|en-ca |2026-01-04 20:04:49.947
71|3253|en-gb |2026-01-04 20:04:49.953
71|3254|en-ie |2026-01-04 20:04:49.970
71|3255|en-nz |2026-01-04 20:04:49.980
71|3257|id    |2026-01-04 20:04:50.013
71|3258|it    |2026-01-04 20:04:50.023
71|3259|ja    |2026-01-04 20:04:50.033
71|3260|ko    |2026-01-04 20:04:50.040
71|3261|nl    |2026-01-04 20:04:50.050
71|3262|pt    |2026-01-04 20:04:50.060
71|3263|ru    |2026-01-04 20:04:50.070
71|3264|tr    |2026-01-04 20:04:50.083
71|3265|vi    |2026-01-04 20:04:50.093
71|3266|zh    |2026-01-04 20:04:50.110
72|3267|de    |2026-01-04 20:04:58.317
72|3268|en-au |2026-01-04 20:04:58.327
72|3269|en-ca |2026-01-04 20:04:58.337
72|3270|en-gb |2026-01-04 20:04:58.347
72|3271|en-ie |2026-01-04 20:04:58.357
72|3272|en-nz |2026-01-04 20:04:58.367
72|3274|id    |2026-01-04 20:04:58.393
72|3275|it    |2026-01-04 20:04:58.403
72|3276|ja    |2026-01-04 20:04:58.413
72|3277|ko    |2026-01-04 20:04:58.423
72|3278|nl    |2026-01-04 20:04:58.433
72|3279|pt    |2026-01-04 20:04:58.440
72|3280|ru    |2026-01-04 20:04:58.450
72|3281|tr    |2026-01-04 20:04:58.467
72|3282|vi    |2026-01-04 20:04:58.480
72|3283|zh    |2026-01-04 20:04:58.487
73|3284|de    |2026-01-04 20:05:05.547
73|3285|en-au |2026-01-04 20:05:05.557
73|3286|en-ca |2026-01-04 20:05:05.567
73|3287|en-gb |2026-01-04 20:05:05.570
73|3288|en-ie |2026-01-04 20:05:05.573
73|3289|en-nz |2026-01-04 20:05:05.583
73|3291|id    |2026-01-04 20:05:05.620
73|3292|it    |2026-01-04 20:05:05.630
73|3293|ja    |2026-01-04 20:05:05.640
73|3294|ko    |2026-01-04 20:05:05.650
73|3295|nl    |2026-01-04 20:05:05.660
73|3296|pt    |2026-01-04 20:05:05.670
73|3297|ru    |2026-01-04 20:05:05.677
73|3298|tr    |2026-01-04 20:05:05.693
73|3299|vi    |2026-01-04 20:05:05.703
73|3300|zh    |2026-01-04 20:05:05.710
74|3301|de    |2026-01-04 20:05:16.140
74|3302|en-au |2026-01-04 20:05:16.150
74|3303|en-ca |2026-01-04 20:05:16.160
74|3304|en-gb |2026-01-04 20:05:16.170
74|3305|en-ie |2026-01-04 20:05:16.180
74|3306|en-nz |2026-01-04 20:05:16.190
74|3308|id    |2026-01-04 20:05:16.220
74|3309|it    |2026-01-04 20:05:16.230
74|3310|ja    |2026-01-04 20:05:16.237
74|3311|ko    |2026-01-04 20:05:16.247
74|3312|nl    |2026-01-04 20:05:16.257
74|3313|pt    |2026-01-04 20:05:16.263
74|3314|ru    |2026-01-04 20:05:16.273
74|3315|tr    |2026-01-04 20:05:16.290
74|3316|vi    |2026-01-04 20:05:16.300
74|3317|zh    |2026-01-04 20:05:16.310
75|3318|de    |2026-01-04 20:05:25.177
75|3319|en-au |2026-01-04 20:05:25.187
75|3320|en-ca |2026-01-04 20:05:25.200
75|3321|en-gb |2026-01-04 20:05:25.213
75|3322|en-ie |2026-01-04 20:05:25.223
75|3323|en-nz |2026-01-04 20:05:25.233
75|3325|id    |2026-01-04 20:05:25.263
75|3326|it    |2026-01-04 20:05:25.273
75|3327|ja    |2026-01-04 20:05:25.283
75|3328|ko    |2026-01-04 20:05:25.293
75|3329|nl    |2026-01-04 20:05:25.300
75|3330|pt    |2026-01-04 20:05:25.310
75|3331|ru    |2026-01-04 20:05:25.320
75|3332|tr    |2026-01-04 20:05:25.337
75|3333|vi    |2026-01-04 20:05:25.347
75|3334|zh    |2026-01-04 20:05:25.360
76|3335|de    |2026-01-04 20:05:32.770
76|3336|en-au |2026-01-04 20:05:32.780
76|3337|en-ca |2026-01-04 20:05:32.790
76|3338|en-gb |2026-01-04 20:05:32.800
76|3339|en-ie |2026-01-04 20:05:32.810
76|3340|en-nz |2026-01-04 20:05:32.820
76|3342|id    |2026-01-04 20:05:32.853
76|3343|it    |2026-01-04 20:05:32.863
76|3344|ja    |2026-01-04 20:05:32.870
76|3345|ko    |2026-01-04 20:05:32.883
76|3346|nl    |2026-01-04 20:05:32.893
76|3347|pt    |2026-01-04 20:05:32.900
76|3348|ru    |2026-01-04 20:05:32.910
76|3349|tr    |2026-01-04 20:05:32.927
76|3350|vi    |2026-01-04 20:05:32.937
76|3351|zh    |2026-01-04 20:05:32.947
77|3352|de    |2026-01-04 20:05:53.267
77|3353|en-au |2026-01-04 20:05:53.280
77|3354|en-ca |2026-01-04 20:05:53.290
77|3355|en-gb |2026-01-04 20:05:53.300
77|3356|en-ie |2026-01-04 20:05:53.307
77|3357|en-nz |2026-01-04 20:05:53.317
77|3358|id    |2026-01-04 20:05:53.347
77|3359|it    |2026-01-04 20:05:53.353
77|3360|ja    |2026-01-04 20:05:53.363
77|3361|ko    |2026-01-04 20:05:53.373
77|3362|nl    |2026-01-04 20:05:53.390
77|3363|pt    |2026-01-04 20:05:53.400
77|3364|ru    |2026-01-04 20:05:53.410
77|3365|tr    |2026-01-04 20:05:53.423
77|3366|vi    |2026-01-04 20:05:53.433
77|3367|zh    |2026-01-04 20:05:53.443
78|3368|de    |2026-01-04 20:06:16.540
78|3369|en-au |2026-01-04 20:06:16.550
78|3370|en-ca |2026-01-04 20:06:16.563
78|3371|en-gb |2026-01-04 20:06:16.573
78|3372|en-ie |2026-01-04 20:06:16.580
78|3373|en-nz |2026-01-04 20:06:16.590
78|3374|id    |2026-01-04 20:06:16.620
78|3375|it    |2026-01-04 20:06:16.630
78|3376|ja    |2026-01-04 20:06:16.637
78|3377|ko    |2026-01-04 20:06:16.647
78|3378|nl    |2026-01-04 20:06:16.657
78|3379|pt    |2026-01-04 20:06:16.663
78|3380|ru    |2026-01-04 20:06:16.673
78|3381|tr    |2026-01-04 20:06:16.690
78|3382|vi    |2026-01-04 20:06:16.700
78|3383|zh    |2026-01-04 20:06:16.707
79|3384|de    |2026-01-04 20:06:43.577
79|3385|en-au |2026-01-04 20:06:43.587
79|3386|en-ca |2026-01-04 20:06:43.597
79|3387|en-gb |2026-01-04 20:06:43.603
79|3388|en-ie |2026-01-04 20:06:43.620
79|3389|en-nz |2026-01-04 20:06:43.630
79|3390|id    |2026-01-04 20:06:43.657
79|3391|it    |2026-01-04 20:06:43.667
79|3392|ja    |2026-01-04 20:06:43.677
79|3393|ko    |2026-01-04 20:06:43.687
79|3394|nl    |2026-01-04 20:06:43.697
79|3395|pt    |2026-01-04 20:06:43.707
79|3396|ru    |2026-01-04 20:06:43.713
79|3397|tr    |2026-01-04 20:06:43.730
79|3398|vi    |2026-01-04 20:06:43.740
79|3399|zh    |2026-01-04 20:06:43.747
80|3400|de    |2026-01-04 20:07:03.203
80|3401|en-au |2026-01-04 20:07:03.217
80|3402|en-ca |2026-01-04 20:07:03.227
80|3403|en-gb |2026-01-04 20:07:03.233
80|3404|en-ie |2026-01-04 20:07:03.247
80|3405|en-nz |2026-01-04 20:07:03.260
80|3406|id    |2026-01-04 20:07:03.287
80|3407|it    |2026-01-04 20:07:03.297
80|3408|ja    |2026-01-04 20:07:03.307
80|3409|ko    |2026-01-04 20:07:03.313
80|3410|nl    |2026-01-04 20:07:03.323
80|3411|pt    |2026-01-04 20:07:03.333
80|3412|ru    |2026-01-04 20:07:03.347
80|3413|tr    |2026-01-04 20:07:03.367
80|3414|vi    |2026-01-04 20:07:03.373
80|3415|zh    |2026-01-04 20:07:03.383
81|3416|de    |2026-01-04 20:07:31.810
81|3417|en-au |2026-01-04 20:07:31.823
81|3418|en-ca |2026-01-04 20:07:31.840
81|3419|en-gb |2026-01-04 20:07:31.853
81|3420|en-ie |2026-01-04 20:07:31.870
81|3421|en-nz |2026-01-04 20:07:31.880
81|3422|id    |2026-01-04 20:07:31.920
81|3423|it    |2026-01-04 20:07:31.933
81|3424|ja    |2026-01-04 20:07:31.943
81|3425|ko    |2026-01-04 20:07:31.953
81|3426|nl    |2026-01-04 20:07:31.963
81|3427|pt    |2026-01-04 20:07:31.973
81|3428|ru    |2026-01-04 20:07:31.983
81|3429|tr    |2026-01-04 20:07:32.000
81|3430|vi    |2026-01-04 20:07:32.010
81|3431|zh    |2026-01-04 20:07:32.017
82|3432|de    |2026-01-04 20:07:50.717
82|3433|en-au |2026-01-04 20:07:50.727
82|3434|en-ca |2026-01-04 20:07:50.740
82|3435|en-gb |2026-01-04 20:07:50.750
82|3436|en-ie |2026-01-04 20:07:50.760
82|3437|en-nz |2026-01-04 20:07:50.770
82|3438|id    |2026-01-04 20:07:50.800
82|3439|it    |2026-01-04 20:07:50.810
82|3440|ja    |2026-01-04 20:07:50.820
82|3441|ko    |2026-01-04 20:07:50.830
82|3442|nl    |2026-01-04 20:07:50.847
82|3443|pt    |2026-01-04 20:07:50.857
82|3444|ru    |2026-01-04 20:07:50.867
82|3445|tr    |2026-01-04 20:07:50.923
82|3446|vi    |2026-01-04 20:07:50.933
82|3447|zh    |2026-01-04 20:07:50.943
83|3448|de    |2026-01-04 20:08:14.297
83|3449|en-au |2026-01-04 20:08:14.310
83|3450|en-ca |2026-01-04 20:08:14.320
83|3451|en-gb |2026-01-04 20:08:14.333
83|3452|en-ie |2026-01-04 20:08:14.347
83|3453|en-nz |2026-01-04 20:08:14.357
83|3454|id    |2026-01-04 20:08:14.393
83|3455|it    |2026-01-04 20:08:14.403
83|3456|ja    |2026-01-04 20:08:14.413
83|3457|ko    |2026-01-04 20:08:14.423
83|3458|nl    |2026-01-04 20:08:14.437
83|3459|pt    |2026-01-04 20:08:14.447
83|3460|ru    |2026-01-04 20:08:14.460
83|3461|tr    |2026-01-04 20:08:14.473
83|3462|vi    |2026-01-04 20:08:14.483
83|3463|zh    |2026-01-04 20:08:14.497
84|3464|de    |2026-01-04 20:08:33.820
84|3465|en-au |2026-01-04 20:08:33.830
84|3466|en-ca |2026-01-04 20:08:33.840
84|3467|en-gb |2026-01-04 20:08:33.850
84|3468|en-ie |2026-01-04 20:08:33.860
84|3469|en-nz |2026-01-04 20:08:33.870
84|3470|id    |2026-01-04 20:08:33.900
84|3471|it    |2026-01-04 20:08:33.913
84|3472|ja    |2026-01-04 20:08:33.920
84|3473|ko    |2026-01-04 20:08:33.930
84|3474|nl    |2026-01-04 20:08:33.940
84|3475|pt    |2026-01-04 20:08:33.953
84|3476|ru    |2026-01-04 20:08:33.963
84|3477|tr    |2026-01-04 20:08:33.980
84|3478|vi    |2026-01-04 20:08:33.987
84|3479|zh    |2026-01-04 20:08:33.997
85|3480|de    |2026-01-04 20:08:56.200
85|3481|en-au |2026-01-04 20:08:56.213
85|3482|en-ca |2026-01-04 20:08:56.227
85|3483|en-gb |2026-01-04 20:08:56.240
85|3484|en-ie |2026-01-04 20:08:56.253
85|3485|en-nz |2026-01-04 20:08:56.267
85|3486|id    |2026-01-04 20:08:56.303
85|3487|it    |2026-01-04 20:08:56.320
85|3488|ja    |2026-01-04 20:08:56.327
85|3489|ko    |2026-01-04 20:08:56.337
85|3490|nl    |2026-01-04 20:08:56.347
85|3491|pt    |2026-01-04 20:08:56.357
85|3492|ru    |2026-01-04 20:08:56.367
85|3493|tr    |2026-01-04 20:08:56.380
85|3494|vi    |2026-01-04 20:08:56.390
85|3495|zh    |2026-01-04 20:08:56.400
86|3496|de    |2026-01-04 20:09:16.200
86|3497|en-au |2026-01-04 20:09:16.210
86|3498|en-ca |2026-01-04 20:09:16.220
86|3499|en-gb |2026-01-04 20:09:16.230
86|3500|en-ie |2026-01-04 20:09:16.240
86|3501|en-nz |2026-01-04 20:09:16.250
86|3502|id    |2026-01-04 20:09:16.283
86|3503|it    |2026-01-04 20:09:16.293
86|3504|ja    |2026-01-04 20:09:16.307
86|3505|ko    |2026-01-04 20:09:16.317
86|3506|nl    |2026-01-04 20:09:16.327
86|3507|pt    |2026-01-04 20:09:16.337
86|3508|ru    |2026-01-04 20:09:16.347
86|3509|tr    |2026-01-04 20:09:16.363
86|3510|vi    |2026-01-04 20:09:16.373
86|3511|zh    |2026-01-04 20:09:16.387
87|3512|de    |2026-01-04 20:09:39.217
87|3513|en-au |2026-01-04 20:09:39.227
87|3514|en-ca |2026-01-04 20:09:39.237
87|3515|en-gb |2026-01-04 20:09:39.247
87|3516|en-ie |2026-01-04 20:09:39.253
87|3517|en-nz |2026-01-04 20:09:39.263
87|3518|id    |2026-01-04 20:09:39.293
87|3519|it    |2026-01-04 20:09:39.303
87|3520|ja    |2026-01-04 20:09:39.317
87|3521|ko    |2026-01-04 20:09:39.327
87|3522|nl    |2026-01-04 20:09:39.337
87|3523|pt    |2026-01-04 20:09:39.347
87|3524|ru    |2026-01-04 20:09:39.357
87|3525|tr    |2026-01-04 20:09:39.373
87|3526|vi    |2026-01-04 20:09:39.383
87|3527|zh    |2026-01-04 20:09:39.393
88|3528|de    |2026-01-04 20:09:57.747
88|3529|en-au |2026-01-04 20:09:57.757
88|3530|en-ca |2026-01-04 20:09:57.770
88|3531|en-gb |2026-01-04 20:09:57.780
88|3532|en-ie |2026-01-04 20:09:57.790
88|3533|en-nz |2026-01-04 20:09:57.800
88|3534|id    |2026-01-04 20:09:57.830
88|3535|it    |2026-01-04 20:09:57.840
88|3536|ja    |2026-01-04 20:09:57.850
88|3537|ko    |2026-01-04 20:09:57.863
88|3538|nl    |2026-01-04 20:09:57.873
88|3539|pt    |2026-01-04 20:09:57.883
88|3540|ru    |2026-01-04 20:09:57.893
88|3541|tr    |2026-01-04 20:09:57.910
88|3542|vi    |2026-01-04 20:09:57.920
88|3543|zh    |2026-01-04 20:09:57.933
89|3544|de    |2026-01-04 20:10:17.237
89|3545|en-au |2026-01-04 20:10:17.250
89|3546|en-ca |2026-01-04 20:10:17.263
89|3547|en-gb |2026-01-04 20:10:17.280
89|3548|en-ie |2026-01-04 20:10:17.297
89|3549|en-nz |2026-01-04 20:10:17.310
89|3550|id    |2026-01-04 20:10:17.350
89|3551|it    |2026-01-04 20:10:17.367
89|3552|ja    |2026-01-04 20:10:17.377
89|3553|ko    |2026-01-04 20:10:17.387
89|3554|nl    |2026-01-04 20:10:17.400
89|3555|pt    |2026-01-04 20:10:17.407
89|3556|ru    |2026-01-04 20:10:17.417
89|3557|tr    |2026-01-04 20:10:17.433
89|3558|vi    |2026-01-04 20:10:17.447
89|3559|zh    |2026-01-04 20:10:17.457
90|3560|de    |2026-01-04 20:10:34.687
90|3561|en-au |2026-01-04 20:10:34.697
90|3562|en-ca |2026-01-04 20:10:34.707
90|3563|en-gb |2026-01-04 20:10:34.717
90|3564|en-ie |2026-01-04 20:10:34.727
90|3565|en-nz |2026-01-04 20:10:34.737
90|3566|id    |2026-01-04 20:10:34.767
90|3567|it    |2026-01-04 20:10:34.777
90|3568|ja    |2026-01-04 20:10:34.787
90|3569|ko    |2026-01-04 20:10:34.797
90|3570|nl    |2026-01-04 20:10:34.807
90|3571|pt    |2026-01-04 20:10:34.817
90|3572|ru    |2026-01-04 20:10:34.827
90|3573|tr    |2026-01-04 20:10:34.843
90|3574|vi    |2026-01-04 20:10:34.853
90|3575|zh    |2026-01-04 20:10:34.863
91|3576|de    |2026-01-04 20:10:58.227
91|3577|en-au |2026-01-04 20:10:58.240
91|3578|en-ca |2026-01-04 20:10:58.253
91|3579|en-gb |2026-01-04 20:10:58.267
91|3580|en-ie |2026-01-04 20:10:58.280
91|3581|en-nz |2026-01-04 20:10:58.293
91|3582|id    |2026-01-04 20:10:58.337
91|3583|it    |2026-01-04 20:10:58.350
91|3584|ja    |2026-01-04 20:10:58.360
91|3585|ko    |2026-01-04 20:10:58.370
91|3586|nl    |2026-01-04 20:10:58.380
91|3587|pt    |2026-01-04 20:10:58.390
91|3588|ru    |2026-01-04 20:10:58.400
91|3589|tr    |2026-01-04 20:10:58.417
91|3590|vi    |2026-01-04 20:10:58.430
91|3591|zh    |2026-01-04 20:10:58.437
92|3592|de    |2026-01-04 20:11:20.223
92|3593|en-au |2026-01-04 20:11:20.233
92|3594|en-ca |2026-01-04 20:11:20.240
92|3595|en-gb |2026-01-04 20:11:20.250
92|3596|en-ie |2026-01-04 20:11:20.260
92|3597|en-nz |2026-01-04 20:11:20.270
92|3598|id    |2026-01-04 20:11:20.300
92|3599|it    |2026-01-04 20:11:20.313
92|3600|ja    |2026-01-04 20:11:20.323
92|3601|ko    |2026-01-04 20:11:20.330
92|3602|nl    |2026-01-04 20:11:20.340
92|3603|pt    |2026-01-04 20:11:20.350
92|3604|ru    |2026-01-04 20:11:20.360
92|3605|tr    |2026-01-04 20:11:20.377
92|3606|vi    |2026-01-04 20:11:20.387
92|3607|zh    |2026-01-04 20:11:20.400
93|3608|de    |2026-01-04 20:11:46.000
93|3609|en-au |2026-01-04 20:11:46.010
93|3610|en-ca |2026-01-04 20:11:46.020
93|3611|en-gb |2026-01-04 20:11:46.030
93|3612|en-ie |2026-01-04 20:11:46.040
93|3613|en-nz |2026-01-04 20:11:46.050
93|3614|id    |2026-01-04 20:11:46.077
93|3615|it    |2026-01-04 20:11:46.087
93|3616|ja    |2026-01-04 20:11:46.097
93|3617|ko    |2026-01-04 20:11:46.107
93|3618|nl    |2026-01-04 20:11:46.117
93|3619|pt    |2026-01-04 20:11:46.117
93|3620|ru    |2026-01-04 20:11:46.127
93|3621|tr    |2026-01-04 20:11:46.147
93|3622|vi    |2026-01-04 20:11:46.157
93|3623|zh    |2026-01-04 20:11:46.167
94|3624|de    |2026-01-04 20:12:08.767
94|3625|en-au |2026-01-04 20:12:08.777
94|3626|en-ca |2026-01-04 20:12:08.787
94|3627|en-gb |2026-01-04 20:12:08.800
94|3628|en-ie |2026-01-04 20:12:08.810
94|3629|en-nz |2026-01-04 20:12:08.820
94|3630|id    |2026-01-04 20:12:08.850
94|3631|it    |2026-01-04 20:12:08.860
94|3632|ja    |2026-01-04 20:12:08.873
94|3633|ko    |2026-01-04 20:12:08.883
94|3634|nl    |2026-01-04 20:12:08.893
94|3635|pt    |2026-01-04 20:12:08.907
94|3636|ru    |2026-01-04 20:12:08.917
94|3637|tr    |2026-01-04 20:12:08.930
94|3638|vi    |2026-01-04 20:12:08.943
94|3639|zh    |2026-01-04 20:12:08.950
95|3640|de    |2026-01-04 20:12:32.917
95|3641|en-au |2026-01-04 20:12:32.930
95|3642|en-ca |2026-01-04 20:12:32.937
95|3643|en-gb |2026-01-04 20:12:32.947
95|3644|en-ie |2026-01-04 20:12:32.960
95|3645|en-nz |2026-01-04 20:12:32.970
95|3646|id    |2026-01-04 20:12:33.003
95|3647|it    |2026-01-04 20:12:33.013
95|3648|ja    |2026-01-04 20:12:33.030
95|3649|ko    |2026-01-04 20:12:33.040
95|3650|nl    |2026-01-04 20:12:33.053
95|3651|pt    |2026-01-04 20:12:33.063
95|3652|ru    |2026-01-04 20:12:33.070
95|3653|tr    |2026-01-04 20:12:33.087
95|3654|vi    |2026-01-04 20:12:33.097
95|3655|zh    |2026-01-04 20:12:33.107
96|3656|de    |2026-01-04 20:12:53.747
96|3657|en-au |2026-01-04 20:12:53.760
96|3658|en-ca |2026-01-04 20:12:53.770
96|3659|en-gb |2026-01-04 20:12:53.780
96|3660|en-ie |2026-01-04 20:12:53.790
96|3661|en-nz |2026-01-04 20:12:53.800
96|3662|id    |2026-01-04 20:12:53.827
96|3663|it    |2026-01-04 20:12:53.837
96|3664|ja    |2026-01-04 20:12:53.847
96|3665|ko    |2026-01-04 20:12:53.857
96|3666|nl    |2026-01-04 20:12:53.867
96|3667|pt    |2026-01-04 20:12:53.877
96|3668|ru    |2026-01-04 20:12:53.883
96|3669|tr    |2026-01-04 20:12:53.900
96|3670|vi    |2026-01-04 20:12:53.910
96|3671|zh    |2026-01-04 20:12:53.920
97|3672|de    |2026-01-04 20:13:14.237
97|3673|en-au |2026-01-04 20:13:14.247
97|3674|en-ca |2026-01-04 20:13:14.257
97|3675|en-gb |2026-01-04 20:13:14.267
97|3676|en-ie |2026-01-04 20:13:14.280
97|3677|en-nz |2026-01-04 20:13:14.290
97|3678|id    |2026-01-04 20:13:14.317
97|3679|it    |2026-01-04 20:13:14.327
97|3680|ja    |2026-01-04 20:13:14.340
97|3681|ko    |2026-01-04 20:13:14.350
97|3682|nl    |2026-01-04 20:13:14.360
97|3683|pt    |2026-01-04 20:13:14.370
97|3684|ru    |2026-01-04 20:13:14.380
97|3685|tr    |2026-01-04 20:13:14.393
97|3686|vi    |2026-01-04 20:13:14.403
97|3687|zh    |2026-01-04 20:13:14.413
98|3688|de    |2026-01-04 20:13:32.910
98|3689|en-au |2026-01-04 20:13:32.920
98|3690|en-ca |2026-01-04 20:13:32.927
98|3691|en-gb |2026-01-04 20:13:32.937
98|3692|en-ie |2026-01-04 20:13:32.947
98|3693|en-nz |2026-01-04 20:13:32.957
98|3694|id    |2026-01-04 20:13:32.983
98|3695|it    |2026-01-04 20:13:32.993
98|3696|ja    |2026-01-04 20:13:33.000
98|3697|ko    |2026-01-04 20:13:33.010
98|3698|nl    |2026-01-04 20:13:33.020
98|3699|pt    |2026-01-04 20:13:33.030
98|3700|ru    |2026-01-04 20:13:33.040
98|3701|tr    |2026-01-04 20:13:33.053
98|3702|vi    |2026-01-04 20:13:33.063
98|3703|zh    |2026-01-04 20:13:33.073
99|3704|de    |2026-01-04 20:13:52.043
99|3705|en-au |2026-01-04 20:13:52.057
99|3706|en-ca |2026-01-04 20:13:52.070
99|3707|en-gb |2026-01-04 20:13:52.083
99|3708|en-ie |2026-01-04 20:13:52.097
99|3709|en-nz |2026-01-04 20:13:52.113
99|3710|id    |2026-01-04 20:13:52.150
99|3711|it    |2026-01-04 20:13:52.163
99|3712|ja    |2026-01-04 20:13:52.173
99|3713|ko    |2026-01-04 20:13:52.183
99|3714|nl    |2026-01-04 20:13:52.193
99|3715|pt    |2026-01-04 20:13:52.203
99|3716|ru    |2026-01-04 20:13:52.210
99|3717|tr    |2026-01-04 20:13:52.227
99|3718|vi    |2026-01-04 20:13:52.237
99|3719|zh    |2026-01-04 20:13:52.247
100|3720|de    |2026-01-04 20:14:09.577
100|3721|en-au |2026-01-04 20:14:09.587
100|3722|en-ca |2026-01-04 20:14:09.597
100|3723|en-gb |2026-01-04 20:14:09.607
100|3724|en-ie |2026-01-04 20:14:09.617
100|3725|en-nz |2026-01-04 20:14:09.627
100|3726|id    |2026-01-04 20:14:09.657
100|3727|it    |2026-01-04 20:14:09.667
100|3728|ja    |2026-01-04 20:14:09.680
100|3729|ko    |2026-01-04 20:14:09.690
100|3730|nl    |2026-01-04 20:14:09.700
100|3731|pt    |2026-01-04 20:14:09.710
100|3732|ru    |2026-01-04 20:14:09.720
100|3733|tr    |2026-01-04 20:14:09.740
100|3734|vi    |2026-01-04 20:14:09.753
100|3735|zh    |2026-01-04 20:14:09.763
101|3736|de    |2026-01-04 20:14:31.410
101|3737|en-au |2026-01-04 20:14:31.427
101|3738|en-ca |2026-01-04 20:14:31.440
101|3739|en-gb |2026-01-04 20:14:31.450
101|3740|en-ie |2026-01-04 20:14:31.463
101|3741|en-nz |2026-01-04 20:14:31.477
101|3742|id    |2026-01-04 20:14:31.513
101|3743|it    |2026-01-04 20:14:31.527
101|3744|ja    |2026-01-04 20:14:31.537
101|3745|ko    |2026-01-04 20:14:31.550
101|3746|nl    |2026-01-04 20:14:31.560
101|3747|pt    |2026-01-04 20:14:31.570
101|3748|ru    |2026-01-04 20:14:31.580
101|3749|tr    |2026-01-04 20:14:31.593
101|3750|vi    |2026-01-04 20:14:31.603
101|3751|zh    |2026-01-04 20:14:31.613
102|3752|de    |2026-01-04 20:14:55.287
102|3753|en-au |2026-01-04 20:14:55.300
102|3754|en-ca |2026-01-04 20:14:55.313
102|3755|en-gb |2026-01-04 20:14:55.323
102|3756|en-ie |2026-01-04 20:14:55.337
102|3757|en-nz |2026-01-04 20:14:55.350
102|3758|id    |2026-01-04 20:14:55.387
102|3759|it    |2026-01-04 20:14:55.397
102|3760|ja    |2026-01-04 20:14:55.407
102|3761|ko    |2026-01-04 20:14:55.417
102|3762|nl    |2026-01-04 20:14:55.427
102|3763|pt    |2026-01-04 20:14:55.440
102|3764|ru    |2026-01-04 20:14:55.450
102|3765|tr    |2026-01-04 20:14:55.463
102|3766|vi    |2026-01-04 20:14:55.473
102|3767|zh    |2026-01-04 20:14:55.483
103|3768|de    |2026-01-04 20:15:14.527
103|3769|en-au |2026-01-04 20:15:14.540
103|3770|en-ca |2026-01-04 20:15:14.550
103|3771|en-gb |2026-01-04 20:15:14.560
103|3772|en-ie |2026-01-04 20:15:14.570
103|3773|en-nz |2026-01-04 20:15:14.580
103|3774|id    |2026-01-04 20:15:14.610
103|3775|it    |2026-01-04 20:15:14.620
103|3776|ja    |2026-01-04 20:15:14.630
103|3777|ko    |2026-01-04 20:15:14.640
103|3778|nl    |2026-01-04 20:15:14.650
103|3779|pt    |2026-01-04 20:15:14.660
103|3780|ru    |2026-01-04 20:15:14.670
103|3781|tr    |2026-01-04 20:15:14.690
103|3782|vi    |2026-01-04 20:15:14.700
103|3783|zh    |2026-01-04 20:15:14.710
104|3784|de    |2026-01-04 20:15:32.233
104|3785|en-au |2026-01-04 20:15:32.247
104|3786|en-ca |2026-01-04 20:15:32.260
104|3787|en-gb |2026-01-04 20:15:32.273
104|3788|en-ie |2026-01-04 20:15:32.287
104|3789|en-nz |2026-01-04 20:15:32.303
104|3791|id    |2026-01-04 20:15:32.347
104|3792|it    |2026-01-04 20:15:32.357
104|3793|ja    |2026-01-04 20:15:32.367
104|3794|ko    |2026-01-04 20:15:32.377
104|3795|nl    |2026-01-04 20:15:32.387
104|3796|pt    |2026-01-04 20:15:32.397
104|3797|ru    |2026-01-04 20:15:32.410
104|3798|tr    |2026-01-04 20:15:32.427
104|3799|vi    |2026-01-04 20:15:32.440
104|3800|zh    |2026-01-04 20:15:32.453
105|3801|de    |2026-01-04 20:15:54.877
105|3802|en-au |2026-01-04 20:15:54.893
105|3803|en-ca |2026-01-04 20:15:54.903
105|3804|en-gb |2026-01-04 20:15:54.917
105|3805|en-ie |2026-01-04 20:15:54.927
105|3806|en-nz |2026-01-04 20:15:54.937
105|3808|id    |2026-01-04 20:15:54.970
105|3809|it    |2026-01-04 20:15:54.980
105|3810|ja    |2026-01-04 20:15:54.990
105|3811|ko    |2026-01-04 20:15:55.000
105|3812|nl    |2026-01-04 20:15:55.010
105|3813|pt    |2026-01-04 20:15:55.020
105|3814|ru    |2026-01-04 20:15:55.030
105|3815|tr    |2026-01-04 20:15:55.050
105|3816|vi    |2026-01-04 20:15:55.063
105|3817|zh    |2026-01-04 20:15:55.073
106|3818|de    |2026-01-04 20:16:19.620
106|3819|en-au |2026-01-04 20:16:19.630
106|3820|en-ca |2026-01-04 20:16:19.640
106|3821|en-gb |2026-01-04 20:16:19.650
106|3822|en-ie |2026-01-04 20:16:19.660
106|3823|en-nz |2026-01-04 20:16:19.670
106|3824|id    |2026-01-04 20:16:19.700
106|3825|it    |2026-01-04 20:16:19.710
106|3826|ja    |2026-01-04 20:16:19.720
106|3827|ko    |2026-01-04 20:16:19.730
106|3828|nl    |2026-01-04 20:16:19.740
106|3829|pt    |2026-01-04 20:16:19.750
106|3830|ru    |2026-01-04 20:16:19.757
106|3831|tr    |2026-01-04 20:16:19.773
106|3832|vi    |2026-01-04 20:16:19.783
106|3833|zh    |2026-01-04 20:16:19.793
107|3834|de    |2026-01-04 20:16:50.233
107|3835|en-au |2026-01-04 20:16:50.250
107|3836|en-ca |2026-01-04 20:16:50.263
107|3837|en-gb |2026-01-04 20:16:50.277
107|3838|en-ie |2026-01-04 20:16:50.290
107|3839|en-nz |2026-01-04 20:16:50.303
107|3840|id    |2026-01-04 20:16:50.340
107|3841|it    |2026-01-04 20:16:50.357
107|3842|ja    |2026-01-04 20:16:50.367
107|3843|ko    |2026-01-04 20:16:50.380
107|3844|nl    |2026-01-04 20:16:50.390
107|3845|pt    |2026-01-04 20:16:50.400
107|3846|ru    |2026-01-04 20:16:50.410
107|3847|tr    |2026-01-04 20:16:50.427
107|3848|vi    |2026-01-04 20:16:50.437
107|3849|zh    |2026-01-04 20:16:50.447
108|3850|de    |2026-01-04 20:17:23.053
108|3851|en-au |2026-01-04 20:17:23.067
108|3852|en-ca |2026-01-04 20:17:23.080
108|3853|en-gb |2026-01-04 20:17:23.093
108|3854|en-ie |2026-01-04 20:17:23.107
108|3855|en-nz |2026-01-04 20:17:23.123
108|3856|id    |2026-01-04 20:17:23.163
108|3857|it    |2026-01-04 20:17:23.180
108|3858|ja    |2026-01-04 20:17:23.190
108|3859|ko    |2026-01-04 20:17:23.200
108|3860|nl    |2026-01-04 20:17:23.210
108|3861|pt    |2026-01-04 20:17:23.220
108|3862|ru    |2026-01-04 20:17:23.230
108|3863|tr    |2026-01-04 20:17:23.243
108|3864|vi    |2026-01-04 20:17:23.253
108|3865|zh    |2026-01-04 20:17:23.263
109|3866|de    |2026-01-04 20:17:50.303
109|3867|en-au |2026-01-04 20:17:50.313
109|3868|en-ca |2026-01-04 20:17:50.323
109|3869|en-gb |2026-01-04 20:17:50.333
109|3870|en-ie |2026-01-04 20:17:50.343
109|3871|en-nz |2026-01-04 20:17:50.350
109|3872|id    |2026-01-04 20:17:50.380
109|3873|it    |2026-01-04 20:17:50.390
109|3874|ja    |2026-01-04 20:17:50.400
109|3875|ko    |2026-01-04 20:17:50.410
109|3876|nl    |2026-01-04 20:17:50.420
109|3877|pt    |2026-01-04 20:17:50.430
109|3878|ru    |2026-01-04 20:17:50.440
109|3879|tr    |2026-01-04 20:17:50.457
109|3880|vi    |2026-01-04 20:17:50.470
109|3881|zh    |2026-01-04 20:17:50.480
110|3882|de    |2026-01-04 20:18:14.230
110|3883|en-au |2026-01-04 20:18:14.240
110|3884|en-ca |2026-01-04 20:18:14.247
110|3885|en-gb |2026-01-04 20:18:14.260
110|3886|en-ie |2026-01-04 20:18:14.267
110|3887|en-nz |2026-01-04 20:18:14.277
110|3888|id    |2026-01-04 20:18:14.307
110|3889|it    |2026-01-04 20:18:14.317
110|3890|ja    |2026-01-04 20:18:14.327
110|3891|ko    |2026-01-04 20:18:14.337
110|3892|nl    |2026-01-04 20:18:14.343
110|3893|pt    |2026-01-04 20:18:14.353
110|3894|ru    |2026-01-04 20:18:14.363
110|3895|tr    |2026-01-04 20:18:14.380
110|3896|vi    |2026-01-04 20:18:14.390
110|3897|zh    |2026-01-04 20:18:14.400
111|3898|de    |2026-01-04 20:18:35.190
111|3899|en-au |2026-01-04 20:18:35.200
111|3900|en-ca |2026-01-04 20:18:35.213
111|3901|en-gb |2026-01-04 20:18:35.227
111|3902|en-ie |2026-01-04 20:18:35.237
111|3903|en-nz |2026-01-04 20:18:35.247
111|3904|id    |2026-01-04 20:18:35.280
111|3905|it    |2026-01-04 20:18:35.290
111|3906|ja    |2026-01-04 20:18:35.300
111|3907|ko    |2026-01-04 20:18:35.310
111|3908|nl    |2026-01-04 20:18:35.320
111|3909|pt    |2026-01-04 20:18:35.330
111|3910|ru    |2026-01-04 20:18:35.340
111|3911|tr    |2026-01-04 20:18:35.357
111|3912|vi    |2026-01-04 20:18:35.367
111|3913|zh    |2026-01-04 20:18:35.377
112|3914|de    |2026-01-04 20:18:51.847
112|3915|en-au |2026-01-04 20:18:51.857
112|3916|en-ca |2026-01-04 20:18:51.867
112|3917|en-gb |2026-01-04 20:18:51.877
112|3918|en-ie |2026-01-04 20:18:51.887
112|3919|en-nz |2026-01-04 20:18:51.893
112|3920|id    |2026-01-04 20:18:51.923
112|3921|it    |2026-01-04 20:18:51.930
112|3922|ja    |2026-01-04 20:18:51.940
112|3923|ko    |2026-01-04 20:18:51.950
112|3924|nl    |2026-01-04 20:18:51.960
112|3925|pt    |2026-01-04 20:18:51.970
112|3926|ru    |2026-01-04 20:18:51.980
112|3927|tr    |2026-01-04 20:18:51.997
112|3928|vi    |2026-01-04 20:18:52.007
112|3929|zh    |2026-01-04 20:18:52.017
113|3930|de    |2026-01-04 20:19:08.400
113|3931|en-au |2026-01-04 20:19:08.413
113|3932|en-ca |2026-01-04 20:19:08.427
113|3933|en-gb |2026-01-04 20:19:08.440
113|3934|en-ie |2026-01-04 20:19:08.453
113|3935|en-nz |2026-01-04 20:19:08.467
113|3936|id    |2026-01-04 20:19:08.503
113|3937|it    |2026-01-04 20:19:08.517
113|3938|ja    |2026-01-04 20:19:08.527
113|3939|ko    |2026-01-04 20:19:08.533
113|3940|nl    |2026-01-04 20:19:08.543
113|3941|pt    |2026-01-04 20:19:08.553
113|3942|ru    |2026-01-04 20:19:08.563
113|3943|tr    |2026-01-04 20:19:08.580
113|3944|vi    |2026-01-04 20:19:08.590
113|3945|zh    |2026-01-04 20:19:08.600
114|3946|de    |2026-01-04 20:19:23.443
114|3947|en-au |2026-01-04 20:19:23.453
114|3948|en-ca |2026-01-04 20:19:23.463
114|3949|en-gb |2026-01-04 20:19:23.473
114|3950|en-ie |2026-01-04 20:19:23.483
114|3951|en-nz |2026-01-04 20:19:23.493
114|3952|id    |2026-01-04 20:19:23.520
114|3953|it    |2026-01-04 20:19:23.533
114|3954|ja    |2026-01-04 20:19:23.543
114|3955|ko    |2026-01-04 20:19:23.553
114|3956|nl    |2026-01-04 20:19:23.563
114|3957|pt    |2026-01-04 20:19:23.573
114|3958|ru    |2026-01-04 20:19:23.583
114|3959|tr    |2026-01-04 20:19:23.600
114|3960|vi    |2026-01-04 20:19:23.607
114|3961|zh    |2026-01-04 20:19:23.617
115|3962|de    |2026-01-04 20:19:53.470
115|3963|en-au |2026-01-04 20:19:53.483
115|3964|en-ca |2026-01-04 20:19:53.497
115|3965|en-gb |2026-01-04 20:19:53.510
115|3966|en-ie |2026-01-04 20:19:53.527
115|3967|en-nz |2026-01-04 20:19:53.540
115|3968|id    |2026-01-04 20:19:53.583
115|3969|it    |2026-01-04 20:19:53.597
115|3970|ja    |2026-01-04 20:19:53.607
115|3971|ko    |2026-01-04 20:19:53.617
115|3972|nl    |2026-01-04 20:19:53.623
115|3973|pt    |2026-01-04 20:19:53.637
115|3974|ru    |2026-01-04 20:19:53.643
115|3975|tr    |2026-01-04 20:19:53.663
115|3976|vi    |2026-01-04 20:19:53.673
115|3977|zh    |2026-01-04 20:19:53.687
116|3978|de    |2026-01-04 20:20:20.643
116|3979|en-au |2026-01-04 20:20:20.653
116|3980|en-ca |2026-01-04 20:20:20.663
116|3981|en-gb |2026-01-04 20:20:20.677
116|3982|en-ie |2026-01-04 20:20:20.687
116|3983|en-nz |2026-01-04 20:20:20.697
116|3984|id    |2026-01-04 20:20:20.723
116|3985|it    |2026-01-04 20:20:20.733
116|3986|ja    |2026-01-04 20:20:20.740
116|3987|ko    |2026-01-04 20:20:20.750
116|3988|nl    |2026-01-04 20:20:20.760
116|3989|pt    |2026-01-04 20:20:20.770
116|3990|ru    |2026-01-04 20:20:20.780
116|3991|tr    |2026-01-04 20:20:20.797
116|3992|vi    |2026-01-04 20:20:20.803
116|3993|zh    |2026-01-04 20:20:20.813
117|3994|de    |2026-01-04 20:20:46.257
117|3995|en-au |2026-01-04 20:20:46.267
117|3996|en-ca |2026-01-04 20:20:46.277
117|3997|en-gb |2026-01-04 20:20:46.287
117|3998|en-ie |2026-01-04 20:20:46.297
117|3999|en-nz |2026-01-04 20:20:46.310
117|4000|id    |2026-01-04 20:20:46.340
117|4001|it    |2026-01-04 20:20:46.350
117|4002|ja    |2026-01-04 20:20:46.360
117|4003|ko    |2026-01-04 20:20:46.370
117|4004|nl    |2026-01-04 20:20:46.380
117|4005|pt    |2026-01-04 20:20:46.390
117|4006|ru    |2026-01-04 20:20:46.403
117|4007|tr    |2026-01-04 20:20:46.420
117|4008|vi    |2026-01-04 20:20:46.433
117|4009|zh    |2026-01-04 20:20:46.443
118|4010|de    |2026-01-04 20:21:02.670
118|4011|en-au |2026-01-04 20:21:02.680
118|4012|en-ca |2026-01-04 20:21:02.690
118|4013|en-gb |2026-01-04 20:21:02.700
118|4014|en-ie |2026-01-04 20:21:02.710
118|4015|en-nz |2026-01-04 20:21:02.720
118|4016|id    |2026-01-04 20:21:02.753
118|4017|it    |2026-01-04 20:21:02.770
118|4018|ja    |2026-01-04 20:21:02.780
118|4019|ko    |2026-01-04 20:21:02.787
118|4020|nl    |2026-01-04 20:21:02.797
118|4021|pt    |2026-01-04 20:21:02.807
118|4022|ru    |2026-01-04 20:21:02.817
118|4023|tr    |2026-01-04 20:21:02.830
118|4024|vi    |2026-01-04 20:21:02.840
118|4025|zh    |2026-01-04 20:21:02.850
119|4026|de    |2026-01-04 20:21:21.323
119|4027|en-au |2026-01-04 20:21:21.337
119|4028|en-ca |2026-01-04 20:21:21.350
119|4029|en-gb |2026-01-04 20:21:21.363
119|4030|en-ie |2026-01-04 20:21:21.377
119|4031|en-nz |2026-01-04 20:21:21.390
119|4032|id    |2026-01-04 20:21:21.430
119|4033|it    |2026-01-04 20:21:21.443
119|4034|ja    |2026-01-04 20:21:21.457
119|4035|ko    |2026-01-04 20:21:21.467
119|4036|nl    |2026-01-04 20:21:21.480
119|4037|pt    |2026-01-04 20:21:21.497
119|4038|ru    |2026-01-04 20:21:21.507
119|4039|tr    |2026-01-04 20:21:21.527
119|4040|vi    |2026-01-04 20:21:21.537
119|4041|zh    |2026-01-04 20:21:21.550
120|4042|de    |2026-01-04 20:21:52.510
120|4043|en-au |2026-01-04 20:21:52.520
120|4044|en-ca |2026-01-04 20:21:52.530
120|4045|en-gb |2026-01-04 20:21:52.540
120|4046|en-ie |2026-01-04 20:21:52.550
120|4047|en-nz |2026-01-04 20:21:52.557
120|4048|id    |2026-01-04 20:21:52.587
120|4049|it    |2026-01-04 20:21:52.593
120|4050|ja    |2026-01-04 20:21:52.603
120|4051|ko    |2026-01-04 20:21:52.613
120|4052|nl    |2026-01-04 20:21:52.623
120|4053|pt    |2026-01-04 20:21:52.633
120|4054|ru    |2026-01-04 20:21:52.643
120|4055|tr    |2026-01-04 20:21:52.660
120|4056|vi    |2026-01-04 20:21:52.667
120|4057|zh    |2026-01-04 20:21:52.677
121|4058|de    |2026-01-04 20:22:16.430
121|4059|en-au |2026-01-04 20:22:16.440
121|4060|en-ca |2026-01-04 20:22:16.453
121|4061|en-gb |2026-01-04 20:22:16.463
121|4062|en-ie |2026-01-04 20:22:16.473
121|4063|en-nz |2026-01-04 20:22:16.487
121|4064|id    |2026-01-04 20:22:16.520
121|4065|it    |2026-01-04 20:22:16.530
121|4066|ja    |2026-01-04 20:22:16.543
121|4067|ko    |2026-01-04 20:22:16.553
121|4068|nl    |2026-01-04 20:22:16.563
121|4069|pt    |2026-01-04 20:22:16.573
121|4070|ru    |2026-01-04 20:22:16.580
121|4071|tr    |2026-01-04 20:22:16.600
121|4072|vi    |2026-01-04 20:22:16.610
121|4073|zh    |2026-01-04 20:22:16.620
122|4074|de    |2026-01-04 20:22:42.727
122|4075|en-au |2026-01-04 20:22:42.740
122|4076|en-ca |2026-01-04 20:22:42.750
122|4077|en-gb |2026-01-04 20:22:42.767
122|4078|en-ie |2026-01-04 20:22:42.773
122|4079|en-nz |2026-01-04 20:22:42.783
122|4080|id    |2026-01-04 20:22:42.813
122|4081|it    |2026-01-04 20:22:42.823
122|4082|ja    |2026-01-04 20:22:42.830
122|4083|ko    |2026-01-04 20:22:42.843
122|4084|nl    |2026-01-04 20:22:42.857
122|4085|pt    |2026-01-04 20:22:42.867
122|4086|ru    |2026-01-04 20:22:42.880
122|4087|tr    |2026-01-04 20:22:42.900
122|4088|vi    |2026-01-04 20:22:42.910
122|4089|zh    |2026-01-04 20:22:42.920
123|4090|de    |2026-01-04 20:23:04.640
123|4091|en-au |2026-01-04 20:23:04.653
123|4092|en-ca |2026-01-04 20:23:04.663
123|4093|en-gb |2026-01-04 20:23:04.673
123|4094|en-ie |2026-01-04 20:23:04.683
123|4095|en-nz |2026-01-04 20:23:04.693
123|4096|id    |2026-01-04 20:23:04.727
123|4097|it    |2026-01-04 20:23:04.737
123|4098|ja    |2026-01-04 20:23:04.750
123|4099|ko    |2026-01-04 20:23:04.760
123|4100|nl    |2026-01-04 20:23:04.770
123|4101|pt    |2026-01-04 20:23:04.783
123|4102|ru    |2026-01-04 20:23:04.793
123|4103|tr    |2026-01-04 20:23:04.810
123|4104|vi    |2026-01-04 20:23:04.823
123|4105|zh    |2026-01-04 20:23:04.833
124|4106|de    |2026-01-04 20:23:31.253
124|4107|en-au |2026-01-04 20:23:31.267
124|4108|en-ca |2026-01-04 20:23:31.277
124|4109|en-gb |2026-01-04 20:23:31.287
124|4110|en-ie |2026-01-04 20:23:31.297
124|4111|en-nz |2026-01-04 20:23:31.307
124|4112|id    |2026-01-04 20:23:31.340
124|4113|it    |2026-01-04 20:23:31.350
124|4114|ja    |2026-01-04 20:23:31.360
124|4115|ko    |2026-01-04 20:23:31.370
124|4116|nl    |2026-01-04 20:23:31.377
124|4117|pt    |2026-01-04 20:23:31.387
124|4118|ru    |2026-01-04 20:23:31.397
124|4119|tr    |2026-01-04 20:23:31.413
124|4120|vi    |2026-01-04 20:23:31.423
124|4121|zh    |2026-01-04 20:23:31.430
125|4122|de    |2026-01-04 20:23:57.543
125|4123|en-au |2026-01-04 20:23:57.557
125|4124|en-ca |2026-01-04 20:23:57.567
125|4125|en-gb |2026-01-04 20:23:57.577
125|4126|en-ie |2026-01-04 20:23:57.587
125|4127|en-nz |2026-01-04 20:23:57.597
125|4128|id    |2026-01-04 20:23:57.627
125|4129|it    |2026-01-04 20:23:57.637
125|4130|ja    |2026-01-04 20:23:57.647
125|4131|ko    |2026-01-04 20:23:57.657
125|4132|nl    |2026-01-04 20:23:57.670
125|4133|pt    |2026-01-04 20:23:57.680
125|4134|ru    |2026-01-04 20:23:57.690
125|4135|tr    |2026-01-04 20:23:57.707
125|4136|vi    |2026-01-04 20:23:57.717
125|4137|zh    |2026-01-04 20:23:57.730
126|4138|de    |2026-01-04 20:24:28.207
126|4139|en-au |2026-01-04 20:24:28.220
126|4140|en-ca |2026-01-04 20:24:28.233
126|4141|en-gb |2026-01-04 20:24:28.247
126|4142|en-ie |2026-01-04 20:24:28.260
126|4143|en-nz |2026-01-04 20:24:28.273
126|4144|id    |2026-01-04 20:24:28.310
126|4145|it    |2026-01-04 20:24:28.323
126|4146|ja    |2026-01-04 20:24:28.333
126|4147|ko    |2026-01-04 20:24:28.343
126|4148|nl    |2026-01-04 20:24:28.350
126|4149|pt    |2026-01-04 20:24:28.360
126|4150|ru    |2026-01-04 20:24:28.370
126|4151|tr    |2026-01-04 20:24:28.390
126|4152|vi    |2026-01-04 20:24:28.400
126|4153|zh    |2026-01-04 20:24:28.410
127|4154|de    |2026-01-04 20:24:53.167
127|4155|en-au |2026-01-04 20:24:53.177
127|4156|en-ca |2026-01-04 20:24:53.187
127|4157|en-gb |2026-01-04 20:24:53.197
127|4158|en-ie |2026-01-04 20:24:53.210
127|4159|en-nz |2026-01-04 20:24:53.220
127|4160|id    |2026-01-04 20:24:53.250
127|4161|it    |2026-01-04 20:24:53.260
127|4162|ja    |2026-01-04 20:24:53.270
127|4163|ko    |2026-01-04 20:24:53.283
127|4164|nl    |2026-01-04 20:24:53.293
127|4165|pt    |2026-01-04 20:24:53.303
127|4166|ru    |2026-01-04 20:24:53.317
127|4167|tr    |2026-01-04 20:24:53.333
127|4168|vi    |2026-01-04 20:24:53.347
127|4169|zh    |2026-01-04 20:24:53.357
