20778+|EM+|0+|+|Marcus+|T+|Rivera+|+|0+|+|<IndividualSurvey xmlns="http://schemas.microsoft.com/sqlserver/2004/07/adventure-works/IndividualSurvey"><TotalPurchaseYTD>0</TotalPurchaseYTD></IndividualSurvey>+|WH000001-0001-0001-0001-000000000001+|2024-01-01 00:00:00.000&|
20779+|EM+|0+|+|Danielle+|M+|Foster+|+|0+|+|<IndividualSurvey xmlns="http://schemas.microsoft.com/sqlserver/2004/07/adventure-works/IndividualSurvey"><TotalPurchaseYTD>0</TotalPurchaseYTD></IndividualSurvey>+|WH000002-0002-0002-0002-000000000002+|2024-01-01 00:00:00.000&|
20780+|EM+|0+|+|Carlos+|J+|Mendez+|+|2+|+|<IndividualSurvey xmlns="http://schemas.microsoft.com/sqlserver/2004/07/adventure-works/IndividualSurvey"><TotalPurchaseYTD>0</TotalPurchaseYTD></IndividualSurvey>+|WH000003-0003-0003-0003-000000000003+|2024-01-01 00:00:00.000&|
20781+|EM+|0+|+|Priya+|K+|Sharma+|+|1+|+|<IndividualSurvey xmlns="http://schemas.microsoft.com/sqlserver/2004/07/adventure-works/IndividualSurvey"><TotalPurchaseYTD>0</TotalPurchaseYTD></IndividualSurvey>+|WH000004-0004-0004-0004-000000000004+|2024-01-01 00:00:00.000&|
20782+|EM+|0+|+|Tyler+|R+|Johnson+|+|0+|+|<IndividualSurvey xmlns="http://schemas.microsoft.com/sqlserver/2004/07/adventure-works/IndividualSurvey"><TotalPurchaseYTD>0</TotalPurchaseYTD></IndividualSurvey>+|WH000005-0005-0005-0005-000000000005+|2024-01-01 00:00:00.000&|
20783+|EM+|0+|+|Fatima+|A+|Hassan+|+|2+|+|<IndividualSurvey xmlns="http://schemas.microsoft.com/sqlserver/2004/07/adventure-works/IndividualSurvey"><TotalPurchaseYTD>0</TotalPurchaseYTD></IndividualSurvey>+|WH000006-0006-0006-0006-000000000006+|2024-01-01 00:00:00.000&|
20784+|EM+|0+|+|Derek+|L+|Washington+|+|1+|+|<IndividualSurvey xmlns="http://schemas.microsoft.com/sqlserver/2004/07/adventure-works/IndividualSurvey"><TotalPurchaseYTD>0</TotalPurchaseYTD></IndividualSurvey>+|WH000007-0007-0007-0007-000000000007+|2024-01-01 00:00:00.000&|
20785+|EM+|0+|+|Nina+|E+|Kowalski+|+|0+|+|<IndividualSurvey xmlns="http://schemas.microsoft.com/sqlserver/2004/07/adventure-works/IndividualSurvey"><TotalPurchaseYTD>0</TotalPurchaseYTD></IndividualSurvey>+|WH000008-0008-0008-0008-000000000008+|2024-01-01 00:00:00.000&|
20786+|EM+|0+|+|Jamal+|O+|Thompson+|+|2+|+|<IndividualSurvey xmlns="http://schemas.microsoft.com/sqlserver/2004/07/adventure-works/IndividualSurvey"><TotalPurchaseYTD>0</TotalPurchaseYTD></IndividualSurvey>+|WH000009-0009-0009-0009-000000000009+|2024-01-01 00:00:00.000&|
20787+|EM+|0+|+|Elena+|V+|Petrov+|+|0+|+|<IndividualSurvey xmlns="http://schemas.microsoft.com/sqlserver/2004/07/adventure-works/IndividualSurvey"><TotalPurchaseYTD>0</TotalPurchaseYTD></IndividualSurvey>+|WH000010-0010-0010-0010-000000000010+|2024-01-01 00:00:00.000&|
20788+|EM+|0+|+|Kevin+|B+|O'Brien+|+|1+|+|<IndividualSurvey xmlns="http://schemas.microsoft.com/sqlserver/2004/07/adventure-works/IndividualSurvey"><TotalPurchaseYTD>0</TotalPurchaseYTD></IndividualSurvey>+|WH000011-0011-0011-0011-000000000011+|2024-01-01 00:00:00.000&|
20789+|EM+|0+|+|Aisha+|N+|Williams+|+|0+|+|<IndividualSurvey xmlns="http://schemas.microsoft.com/sqlserver/2004/07/adventure-works/IndividualSurvey"><TotalPurchaseYTD>0</TotalPurchaseYTD></IndividualSurvey>+|WH000012-0012-0012-0012-000000000012+|2024-01-01 00:00:00.000&|
20790+|EM+|0+|+|Scott+|P+|Martinez+|+|2+|+|<IndividualSurvey xmlns="http://schemas.microsoft.com/sqlserver/2004/07/adventure-works/IndividualSurvey"><TotalPurchaseYTD>0</TotalPurchaseYTD></IndividualSurvey>+|WH000013-0013-0013-0013-000000000013+|2024-01-01 00:00:00.000&|
20791+|EM+|0+|+|Yuki+|H+|Tanaka+|+|0+|+|<IndividualSurvey xmlns="http://schemas.microsoft.com/sqlserver/2004/07/adventure-works/IndividualSurvey"><TotalPurchaseYTD>0</TotalPurchaseYTD></IndividualSurvey>+|WH000014-0014-0014-0014-000000000014+|2024-01-01 00:00:00.000&|
20792+|EM+|0+|+|Brandon+|C+|Lewis+|+|1+|+|<IndividualSurvey xmlns="http://schemas.microsoft.com/sqlserver/2004/07/adventure-works/IndividualSurvey"><TotalPurchaseYTD>0</TotalPurchaseYTD></IndividualSurvey>+|WH000015-0015-0015-0015-000000000015+|2024-01-01 00:00:00.000&|
20793+|EM+|0+|+|Chloe+|S+|Anderson+|+|0+|+|<IndividualSurvey xmlns="http://schemas.microsoft.com/sqlserver/2004/07/adventure-works/IndividualSurvey"><TotalPurchaseYTD>0</TotalPurchaseYTD></IndividualSurvey>+|WH000016-0016-0016-0016-000000000016+|2024-01-01 00:00:00.000&|
20794+|EM+|0+|+|Darius+|W+|Robinson+|+|2+|+|<IndividualSurvey xmlns="http://schemas.microsoft.com/sqlserver/2004/07/adventure-works/IndividualSurvey"><TotalPurchaseYTD>0</TotalPurchaseYTD></IndividualSurvey>+|WH000017-0017-0017-0017-000000000017+|2024-01-01 00:00:00.000&|
20795+|EM+|0+|+|Sofia+|G+|Hernandez+|+|0+|+|<IndividualSurvey xmlns="http://schemas.microsoft.com/sqlserver/2004/07/adventure-works/IndividualSurvey"><TotalPurchaseYTD>0</TotalPurchaseYTD></IndividualSurvey>+|WH000018-0018-0018-0018-000000000018+|2024-01-01 00:00:00.000&|
20796+|EM+|0+|+|Patrick+|F+|O'Connor+|+|1+|+|<IndividualSurvey xmlns="http://schemas.microsoft.com/sqlserver/2004/07/adventure-works/IndividualSurvey"><TotalPurchaseYTD>0</TotalPurchaseYTD></IndividualSurvey>+|WH000019-0019-0019-0019-000000000019+|2024-01-01 00:00:00.000&|
20797+|EM+|0+|+|Mei+|X+|Chen+|+|0+|+|<IndividualSurvey xmlns="http://schemas.microsoft.com/sqlserver/2004/07/adventure-works/IndividualSurvey"><TotalPurchaseYTD>0</TotalPurchaseYTD></IndividualSurvey>+|WH000020-0020-0020-0020-000000000020+|2024-01-01 00:00:00.000&|
20798+|EM+|0+|+|Rashid+|A+|Khan+|+|2+|+|<IndividualSurvey xmlns="http://schemas.microsoft.com/sqlserver/2004/07/adventure-works/IndividualSurvey"><TotalPurchaseYTD>0</TotalPurchaseYTD></IndividualSurvey>+|WH000021-0021-0021-0021-000000000021+|2024-01-01 00:00:00.000&|
20799+|EM+|0+|+|Ingrid+|B+|Lindqvist+|+|0+|+|<IndividualSurvey xmlns="http://schemas.microsoft.com/sqlserver/2004/07/adventure-works/IndividualSurvey"><TotalPurchaseYTD>0</TotalPurchaseYTD></IndividualSurvey>+|WH000022-0022-0022-0022-000000000022+|2024-01-01 00:00:00.000&|
20800+|EM+|0+|+|Devon+|M+|Campbell+|+|1+|+|<IndividualSurvey xmlns="http://schemas.microsoft.com/sqlserver/2004/07/adventure-works/IndividualSurvey"><TotalPurchaseYTD>0</TotalPurchaseYTD></IndividualSurvey>+|WH000023-0023-0023-0023-000000000023+|2024-01-01 00:00:00.000&|
20801+|EM+|0+|+|Amara+|J+|Okafor+|+|0+|+|<IndividualSurvey xmlns="http://schemas.microsoft.com/sqlserver/2004/07/adventure-works/IndividualSurvey"><TotalPurchaseYTD>0</TotalPurchaseYTD></IndividualSurvey>+|WH000024-0024-0024-0024-000000000024+|2024-01-01 00:00:00.000&|
20802+|EM+|0+|+|Greg+|T+|Patterson+|+|2+|+|<IndividualSurvey xmlns="http://schemas.microsoft.com/sqlserver/2004/07/adventure-works/IndividualSurvey"><TotalPurchaseYTD>0</TotalPurchaseYTD></IndividualSurvey>+|WH000025-0025-0025-0025-000000000025+|2024-01-01 00:00:00.000&|
20803+|EM+|0+|+|Leila+|Z+|Ahmadi+|+|0+|+|<IndividualSurvey xmlns="http://schemas.microsoft.com/sqlserver/2004/07/adventure-works/IndividualSurvey"><TotalPurchaseYTD>0</TotalPurchaseYTD></IndividualSurvey>+|WH000026-0026-0026-0026-000000000026+|2024-01-01 00:00:00.000&|
20804+|EM+|0+|+|Troy+|S+|Mitchell+|+|1+|+|<IndividualSurvey xmlns="http://schemas.microsoft.com/sqlserver/2004/07/adventure-works/IndividualSurvey"><TotalPurchaseYTD>0</TotalPurchaseYTD></IndividualSurvey>+|WH000027-0027-0027-0027-000000000027+|2024-01-01 00:00:00.000&|
20805+|EM+|0+|+|Nadia+|Y+|Volkov+|+|0+|+|<IndividualSurvey xmlns="http://schemas.microsoft.com/sqlserver/2004/07/adventure-works/IndividualSurvey"><TotalPurchaseYTD>0</TotalPurchaseYTD></IndividualSurvey>+|WH000028-0028-0028-0028-000000000028+|2024-01-01 00:00:00.000&|
20806+|EM+|0+|+|Samuel+|D+|Brooks+|+|2+|+|<IndividualSurvey xmlns="http://schemas.microsoft.com/sqlserver/2004/07/adventure-works/IndividualSurvey"><TotalPurchaseYTD>0</TotalPurchaseYTD></IndividualSurvey>+|WH000029-0029-0029-0029-000000000029+|2024-01-01 00:00:00.000&|
20807+|EM+|0+|+|Xiomara+|L+|Reyes+|+|0+|+|<IndividualSurvey xmlns="http://schemas.microsoft.com/sqlserver/2004/07/adventure-works/IndividualSurvey"><TotalPurchaseYTD>0</TotalPurchaseYTD></IndividualSurvey>+|WH000030-0030-0030-0030-000000000030+|2024-01-01 00:00:00.000&|
