1	1	ar    	دراجات جبلية	370097BB-D302-4C89-AB97-03972DE19060	2026-01-01 00:00:00.000
2	1	ar    	دراجات طريق	30BEA8EE-A7D7-47EA-BB39-B9FDBE7704D4	2026-01-01 00:00:00.000
3	1	ar    	دراجات جولات	CFEF37F6-982F-4B26-8FE7-DE6C846B6695	2026-01-01 00:00:00.000
4	2	ar    	مقود	A39374A5-98A3-44A1-828B-A984A11B3746	2026-01-01 00:00:00.000
5	2	ar    	محاور السرج	0154869E-6C9D-4737-8CE1-1831683D409D	2026-01-01 00:00:00.000
6	2	ar    	فرامل	A7E1EC31-82C4-4C4E-8D7E-5CDA6D646D61	2026-01-01 00:00:00.000
7	2	ar    	سلاسل	1EAE2B85-43AC-4299-9529-ECB491031967	2026-01-01 00:00:00.000
8	2	ar    	مجموعات الكرنك	D3362CDF-418F-46C0-AF3D-1A3E36726712	2026-01-01 00:00:00.000
9	2	ar    	مغيرات السرعة	C1C4EFBF-2809-45EE-B7B9-E29AF42EA57B	2026-01-01 00:00:00.000
10	2	ar    	شوكات	F1C48610-46CB-43A1-9482-3B15E989BFBD	2026-01-01 00:00:00.000
11	2	ar    	مجموعات الرأس	48A6CD28-7894-4427-87F3-D8D3541BE999	2026-01-01 00:00:00.000
12	2	ar    	هياكل جبلية	B001D22F-1A2F-4033-8463-04AFCFDFEBB5	2026-01-01 00:00:00.000
13	2	ar    	دواسات	9A8F4102-9489-4356-B1F5-378784CCA80C	2026-01-01 00:00:00.000
14	2	ar    	هياكل طريق	7EB3EF11-81DD-4BA4-A648-4A0E457F189C	2026-01-01 00:00:00.000
15	2	ar    	سروج	353873E7-4933-4666-8235-EAF66488CBC8	2026-01-01 00:00:00.000
16	2	ar    	هياكل جولات	C53268F0-D453-47EB-B145-1A07C7FC8ACC	2026-01-01 00:00:00.000
17	2	ar    	عجلات	9EE2CB9D-73E3-4FEE-9BE4-1C3A8C087367	2026-01-01 00:00:00.000
18	3	ar    	شورتات بجيب أمامي	B8A19496-D9D7-402D-A288-3EA7592601B7	2026-01-01 00:00:00.000
19	3	ar    	قبعات	2D20E5DC-9363-4F4D-859F-F1137055B786	2026-01-01 00:00:00.000
20	3	ar    	قفازات	51042365-5543-40D7-9B44-395B9C3794FC	2026-01-01 00:00:00.000
21	3	ar    	قمصان ركوب	C66169CB-84FC-40F6-891D-B8C2D75A76CA	2026-01-01 00:00:00.000
22	3	ar    	شورتات	C106A021-1DDD-4F53-B06C-5D8385EF1C31	2026-01-01 00:00:00.000
23	3	ar    	جوارب	AEB532F2-9587-4ED8-B6B3-B35B10FCB1F5	2026-01-01 00:00:00.000
24	3	ar    	سراويل ضيقة	33E901FD-5F49-499B-BE53-4B8611C6082E	2026-01-01 00:00:00.000
25	3	ar    	صدريات	1DB97B3A-1CFF-423A-A752-58716764A8DF	2026-01-01 00:00:00.000
26	4	ar    	حاملات دراجات	127C922B-0D17-4836-915C-D7FDCD044A8E	2026-01-01 00:00:00.000
27	4	ar    	حوامل دراجات	5E58A95E-2DA0-4C4B-93A5-F709E650F848	2026-01-01 00:00:00.000
28	4	ar    	زجاجات وأقفاص	EAC29670-48F2-4CD8-98C3-5F0C25A28973	2026-01-01 00:00:00.000
29	4	ar    	منظفات	285BADD4-5852-4E66-B9EB-069F83466E92	2026-01-01 00:00:00.000
30	4	ar    	حواجز طين	DF121CD0-0E03-4BE6-B9EA-23EE4D8DF22A	2026-01-01 00:00:00.000
31	4	ar    	خوذات	2643A230-7F75-4C67-81DA-54A7114FEF61	2026-01-01 00:00:00.000
32	4	ar    	حقائب ترطيب	F2D250C5-CC21-4882-917E-FB8516BD63D9	2026-01-01 00:00:00.000
33	4	ar    	أضواء	DC2973C7-415B-42F6-9DF2-76C6CCEBE5E4	2026-01-01 00:00:00.000
34	4	ar    	أقفال	6AC53904-0672-415E-B87E-F24B1AA41222	2026-01-01 00:00:00.000
35	4	ar    	حقائب جانبية	87E23201-8F2C-4054-9561-4A7EEAAF400A	2026-01-01 00:00:00.000
36	4	ar    	مضخات	4682F907-784A-44BD-908C-8E8131093A7D	2026-01-01 00:00:00.000
37	4	ar    	إطارات وأنابيب	70382F0F-FBD5-4DCE-A1EA-6CA837B6E115	2026-01-01 00:00:00.000
1	1	en    	Mountain Bikes	2D364ADE-264A-433C-B092-4FCBF3804E01	2026-01-01 00:00:00.000
2	1	en    	Road Bikes	000310C0-BCC8-42C4-B0C3-45AE611AF06B	2026-01-01 00:00:00.000
3	1	en    	Touring Bikes	02C5061D-ECDC-4274-B5F1-E91D76BC3F37	2026-01-01 00:00:00.000
4	2	en    	Handlebars	3EF2C725-7135-4C85-9AE6-AE9A3BDD9283	2026-01-01 00:00:00.000
5	2	en    	Bottom Brackets	A9E54089-8A1E-4CF5-8646-E3801F685934	2026-01-01 00:00:00.000
6	2	en    	Brakes	D43BA4A3-EF0D-426B-90EB-4BE4547DD30C	2026-01-01 00:00:00.000
7	2	en    	Chains	E93A7231-F16C-4B0F-8C41-C73FDEC62DA0	2026-01-01 00:00:00.000
8	2	en    	Cranksets	4F644521-422B-4F19-974A-E3DF6102567E	2026-01-01 00:00:00.000
9	2	en    	Derailleurs	1830D70C-AA2A-40C0-A271-5BA86F38F8BF	2026-01-01 00:00:00.000
10	2	en    	Forks	B5F9BA42-B69B-4FDD-B2EC-57FB7B42E3CF	2026-01-01 00:00:00.000
11	2	en    	Headsets	7C782BBE-5A16-495A-AA50-10AFE5A84AF2	2026-01-01 00:00:00.000
12	2	en    	Mountain Frames	61B21B65-E16A-4BE7-9300-4D8E9DB861BE	2026-01-01 00:00:00.000
13	2	en    	Pedals	6D24AC07-7A84-4849-864A-865A14125BC9	2026-01-01 00:00:00.000
14	2	en    	Road Frames	5515F857-075B-4F9A-87B7-43B4997077B3	2026-01-01 00:00:00.000
15	2	en    	Saddles	049FFFA3-9D30-46DF-82F7-F20730EC02B3	2026-01-01 00:00:00.000
16	2	en    	Touring Frames	D2E3F1A8-56C4-4F36-B29D-5659FC0D2789	2026-01-01 00:00:00.000
17	2	en    	Wheels	43521287-4B0B-438E-B80E-D82D9AD7C9F0	2026-01-01 00:00:00.000
18	3	en    	Bib-Shorts	67B58D2B-5798-4A90-8C6C-5DDACF057171	2026-01-01 00:00:00.000
19	3	en    	Caps	430DD6A8-A755-4B23-BB05-52520107DA5F	2026-01-01 00:00:00.000
20	3	en    	Gloves	92D5657B-0032-4E49-BAD5-41A441A70942	2026-01-01 00:00:00.000
21	3	en    	Jerseys	09E91437-BA4F-4B1A-8215-74184FD95DB8	2026-01-01 00:00:00.000
22	3	en    	Shorts	1A5BA5B3-03C3-457C-B11E-4FA85EDE87DA	2026-01-01 00:00:00.000
23	3	en    	Socks	701019C3-09FE-4949-8386-C6CE686474E5	2026-01-01 00:00:00.000
24	3	en    	Tights	5DEB3E55-9897-4416-B18A-515E970BC2D1	2026-01-01 00:00:00.000
25	3	en    	Vests	9AD7FE93-5BA0-4736-B578-FF80A2071297	2026-01-01 00:00:00.000
26	4	en    	Bike Racks	4624B5CE-66D6-496B-9201-C053DF3556CC	2026-01-01 00:00:00.000
27	4	en    	Bike Stands	43B445C8-B820-424E-A1D5-90D81DA0B46F	2026-01-01 00:00:00.000
28	4	en    	Bottles and Cages	9B7DFF41-9FA3-4776-8DEF-2C9A48C8B779	2026-01-01 00:00:00.000
29	4	en    	Cleaners	9AD3BCF0-244D-4EC4-A6A0-FB701351C6A3	2026-01-01 00:00:00.000
30	4	en    	Fenders	1697F8A2-0A08-4883-B7DD-D19117B4E9A7	2026-01-01 00:00:00.000
31	4	en    	Helmets	F5E07A33-C9E0-439C-B5F3-9F25FB65BECC	2026-01-01 00:00:00.000
32	4	en    	Hydration Packs	646A8906-FC87-4267-A443-9C6D791E6693	2026-01-01 00:00:00.000
33	4	en    	Lights	954178BA-624F-42DB-95F6-CA035F36D130	2026-01-01 00:00:00.000
34	4	en    	Locks	19646983-3FA0-4773-9A0C-F34C49DF9BC8	2026-01-01 00:00:00.000
35	4	en    	Panniers	3002A5D5-FEC3-464B-BEF3-E0F81D35F431	2026-01-01 00:00:00.000
36	4	en    	Pumps	FE4D46F2-C87C-48C5-A4A1-3F55712D80B1	2026-01-01 00:00:00.000
37	4	en    	Tires and Tubes	3C17C9AE-E906-48B4-BDD3-60E28D47DCDF	2026-01-01 00:00:00.000
1	1	es    	Bicicletas de montaña	60945889-EE96-4C31-A432-A64754E4FDFB	2026-01-01 00:00:00.000
2	1	es    	Bicicletas de carretera	EACD7401-9D3B-422B-9A2F-E52ABBCCA57C	2026-01-01 00:00:00.000
3	1	es    	Bicicletas de turismo	DC13D451-95BE-4CB7-9292-2BB2CE638E89	2026-01-01 00:00:00.000
4	2	es    	Manillares	12922355-EF8A-454D-BEB6-D9E6B9706360	2026-01-01 00:00:00.000
5	2	es    	Ejes de pedalier	B2C22314-C918-4EB1-BDFB-57C0F44DFEC3	2026-01-01 00:00:00.000
6	2	es    	Frenos	05AB68C3-655B-4589-8036-43948BC26445	2026-01-01 00:00:00.000
7	2	es    	Cadenas	1C41263F-BAD0-4D6F-A1FA-046EEAB383C3	2026-01-01 00:00:00.000
8	2	es    	Juego de bielas	66BEE8FF-B110-4146-AC1B-9821E52E3E24	2026-01-01 00:00:00.000
9	2	es    	Desviadores	E6F84221-F914-444C-B76C-4B454CC3BAF5	2026-01-01 00:00:00.000
10	2	es    	Horquillas	59432711-5F81-436A-8B47-D5505FD2D595	2026-01-01 00:00:00.000
11	2	es    	Juegos de dirección	74597CEE-1489-4BA8-BCDD-F73147AB60F5	2026-01-01 00:00:00.000
12	2	es    	Cuadros de montaña	695F87C5-A794-4723-8CAD-2DF92A6C5422	2026-01-01 00:00:00.000
13	2	es    	Pedales	5701F6DC-7B8F-4E5A-A155-CD7B599B89B1	2026-01-01 00:00:00.000
14	2	es    	Cuadros de carretera	443DB806-41A1-4111-A09B-4165539CBF6D	2026-01-01 00:00:00.000
15	2	es    	Sillines	872822E9-CA89-40C8-B9B1-E514177B868D	2026-01-01 00:00:00.000
16	2	es    	Cuadros de turismo	3E7C9F66-486B-4FF1-9910-87FB3973D789	2026-01-01 00:00:00.000
17	2	es    	Ruedas	BF204632-7355-41B0-B00A-BCF9CBB21997	2026-01-01 00:00:00.000
18	3	es    	Culottes con tirantes	B0C68B98-EFAD-434D-AE9B-82AA6B81413E	2026-01-01 00:00:00.000
19	3	es    	Gorras	D3A93A04-D4DF-4039-89F9-EC572A2586A7	2026-01-01 00:00:00.000
20	3	es    	Guantes	AB390298-E303-4A8C-80B8-AC296714063C	2026-01-01 00:00:00.000
21	3	es    	Maillots	8DB366FC-7935-4346-B95E-AB06365CD7EA	2026-01-01 00:00:00.000
22	3	es    	Pantalones cortos	89ED4033-0C0F-4ED4-8AB5-E4EC5930A31D	2026-01-01 00:00:00.000
23	3	es    	Calcetines	CC020B29-A121-4678-BD81-B091EA6FF2E2	2026-01-01 00:00:00.000
24	3	es    	Mallas	7A8B609E-DE5D-45B8-B4D3-BB6BEDF2CAA5	2026-01-01 00:00:00.000
25	3	es    	Chalecos	C218C9C3-E605-460D-AFAA-AB0E31D90849	2026-01-01 00:00:00.000
26	4	es    	Portabicicletas	F3B539D0-A73F-4CAD-A9CC-EF1FC2D51060	2026-01-01 00:00:00.000
27	4	es    	Soportes para bicicletas	ED63822E-6325-48B4-838B-4199D2C0EAAC	2026-01-01 00:00:00.000
28	4	es    	Bidones y portabidones	BE07C2C8-2FA1-447E-AA2F-2FCF1D0072A3	2026-01-01 00:00:00.000
29	4	es    	Limpiadores	14281A50-C26E-4823-A2D1-8F317CD3530C	2026-01-01 00:00:00.000
30	4	es    	Guardabarros	E3229268-0B0E-43FF-AD01-A7DB4BFC21F0	2026-01-01 00:00:00.000
31	4	es    	Cascos	7E5E704B-AB38-426C-8A01-4CF5A4BF9D07	2026-01-01 00:00:00.000
32	4	es    	Mochilas de hidratación	D5B79F4B-A090-41BE-85D2-FA5A1294C799	2026-01-01 00:00:00.000
33	4	es    	Luces	7D79E420-5A3D-4670-B755-25D61F57FC5F	2026-01-01 00:00:00.000
34	4	es    	Candados	3FAF6D50-2C2D-4F86-9EF6-BF0BDA875422	2026-01-01 00:00:00.000
35	4	es    	Alforjas	AABBA1D9-07DE-4197-A3F4-551F28AC1134	2026-01-01 00:00:00.000
36	4	es    	Bombas	7B2D6545-69C1-4F31-96E1-B53EDA29716A	2026-01-01 00:00:00.000
37	4	es    	Neumáticos y cámaras	7D83522C-F74B-4110-8D30-95442B647B62	2026-01-01 00:00:00.000
1	1	fr    	Vélos tout-terrain	E6839714-447A-433E-A080-F31AAE80CFA4	2026-01-01 00:00:00.000
2	1	fr    	Vélos de route	CEEB5BD8-CF93-4098-95CE-DCF9756A5D56	2026-01-01 00:00:00.000
3	1	fr    	Vélos de randonnée	126AB440-EF88-4DC7-B087-1D3E40BC499E	2026-01-01 00:00:00.000
4	2	fr    	Guidons	208D0FD0-8457-4CE1-8CE4-E2F77C6CE3C3	2026-01-01 00:00:00.000
5	2	fr    	Jeux de pédalier	A5251784-8E97-4F92-BE1F-36986A25F760	2026-01-01 00:00:00.000
6	2	fr    	Freins	C97609A0-8A92-4F2B-B1C0-F4DD3F8EEEB8	2026-01-01 00:00:00.000
7	2	fr    	Chaînes	FBB4F00C-ECA3-4B5C-8E4A-46AC0238E103	2026-01-01 00:00:00.000
8	2	fr    	Pédaliers	7300867D-6E72-4D57-92ED-91FDC0C076C4	2026-01-01 00:00:00.000
9	2	fr    	Dérailleurs	C72A5396-1ED9-48A0-8F88-9B1787E6AF42	2026-01-01 00:00:00.000
10	2	fr    	Fourches	957BD6A6-0B21-4AE7-B08D-5610D16CEBDC	2026-01-01 00:00:00.000
11	2	fr    	Jeux de direction	BB785AD4-9CD2-446A-B907-C0ECED416FF1	2026-01-01 00:00:00.000
12	2	fr    	Cadres tout-terrain	2284CE02-14C1-4608-AF2F-8E2A126A39B0	2026-01-01 00:00:00.000
13	2	fr    	Pédales	65278716-6C89-4ED6-98F3-87BE2D859FC2	2026-01-01 00:00:00.000
14	2	fr    	Cadres de route	1E87366F-85FC-4065-8A24-A570547DBA47	2026-01-01 00:00:00.000
15	2	fr    	Selles	CDD33637-92DD-4C27-A08B-F91A0F8058A5	2026-01-01 00:00:00.000
16	2	fr    	Cadres de randonnée	E33BC48A-E10A-4751-9A11-DED09244E8F8	2026-01-01 00:00:00.000
17	2	fr    	Roues	AF2AB307-03C1-455E-A6C8-9699A2EC3259	2026-01-01 00:00:00.000
18	3	fr    	Cuissards avec bretelles	C1F765E1-A111-4E99-8A72-654DBB3D97C6	2026-01-01 00:00:00.000
19	3	fr    	Casquettes	A0F67409-F911-4F1F-9CAA-1EE3FF157D53	2026-01-01 00:00:00.000
20	3	fr    	Gants	4AEB94F9-BB6D-4995-BFBD-B6CA4AF069DC	2026-01-01 00:00:00.000
21	3	fr    	Maillots	609708C2-754A-49FF-91FB-8C156CBE79FE	2026-01-01 00:00:00.000
22	3	fr    	Shorts	595EEA53-347B-4BD5-8760-E4C7A9B7C50A	2026-01-01 00:00:00.000
23	3	fr    	Chaussettes	C2C9C293-FF4D-4AAE-8B26-33452224A2DA	2026-01-01 00:00:00.000
24	3	fr    	Collants	369AF20A-F232-49F9-BFC3-E2BF84E20FD4	2026-01-01 00:00:00.000
25	3	fr    	Gilets	8505AF60-1910-4399-901F-FB0331F27530	2026-01-01 00:00:00.000
26	4	fr    	Porte-vélos	886C5942-1B09-425C-ABEE-DA8E4CF1CB38	2026-01-01 00:00:00.000
27	4	fr    	Béquilles	F115466B-6248-4791-B243-57EC23DB4D4B	2026-01-01 00:00:00.000
28	4	fr    	Bidons et porte-bidons	A18C3780-23F0-4899-BB35-CBC3419D8847	2026-01-01 00:00:00.000
29	4	fr    	Nettoyants	A4416D1A-0037-494A-8B88-DFAFDD4E766E	2026-01-01 00:00:00.000
30	4	fr    	Garde-boue	87B48412-3812-4379-9076-27499E588501	2026-01-01 00:00:00.000
31	4	fr    	Casques	92D6D625-3D20-46BD-B71B-05F8A67E07B5	2026-01-01 00:00:00.000
32	4	fr    	Sacs d'hydratation	A24BA0C5-AF26-4E48-9DB9-CC0C71125928	2026-01-01 00:00:00.000
33	4	fr    	Éclairages	AB160CC9-DDEC-452A-96F5-810E605590EA	2026-01-01 00:00:00.000
34	4	fr    	Antivols	BD25EFDB-C58F-4A00-891F-2044BDFB2E27	2026-01-01 00:00:00.000
35	4	fr    	Sacoches	BFEAA4D7-4932-4B17-9873-D94D74D52FC9	2026-01-01 00:00:00.000
36	4	fr    	Pompes	E96E808D-4CF5-4774-AD68-601B4DFFFF17	2026-01-01 00:00:00.000
37	4	fr    	Pneus et chambres à air	D9423A72-C86A-4FDF-AF0F-C598F83FB4ED	2026-01-01 00:00:00.000
1	1	he    	אופני הרים	C63E3C45-B49C-4460-B374-A0BC8241A976	2026-01-01 00:00:00.000
2	1	he    	אופני כביש	C01AB4AD-171D-4CD3-9F65-3256E7FE1C25	2026-01-01 00:00:00.000
3	1	he    	אופני טיולים	01C17D8F-D63F-4675-AA5A-8C7DA99E57C2	2026-01-01 00:00:00.000
4	2	he    	כידונים	743F7D18-E233-4496-9DD7-0BAF8F6DE634	2026-01-01 00:00:00.000
5	2	he    	מיסבים תחתונים	7F4EAC1D-4A1E-4337-8CD7-0EEF58488D66	2026-01-01 00:00:00.000
6	2	he    	בלמים	59384351-F2ED-4901-97B1-F404253FD659	2026-01-01 00:00:00.000
7	2	he    	שרשראות	43E37506-7B52-4F67-BA9E-FF6CC8503502	2026-01-01 00:00:00.000
8	2	he    	סטי קראנק	640C12FA-2C24-4A2C-85CF-4E61BAB5156C	2026-01-01 00:00:00.000
9	2	he    	דריילרים	2C937627-36E4-42C1-B300-3128ED1B22ED	2026-01-01 00:00:00.000
10	2	he    	מזלגות	95C780A0-A619-4AF2-987E-8108CB08C844	2026-01-01 00:00:00.000
11	2	he    	סטי ראש	8E334F54-D5AE-4DD3-880E-4FE58C439CCF	2026-01-01 00:00:00.000
12	2	he    	שלדות אופני הרים	7AE7881B-1E57-4E03-983D-8E8BF2AF79DB	2026-01-01 00:00:00.000
13	2	he    	פדלים	23ECB720-C5C8-410C-A9F7-792AEB0CBD6D	2026-01-01 00:00:00.000
14	2	he    	שלדות אופני כביש	7B68C03A-6959-4EFF-BB70-5DA6043FF00C	2026-01-01 00:00:00.000
15	2	he    	אוכפים	B7CD576E-C1FD-4FE9-ABB3-5011D7D989E1	2026-01-01 00:00:00.000
16	2	he    	שלדות אופני טיולים	A4631868-C9E9-42EC-8878-FBBC1BC15CCF	2026-01-01 00:00:00.000
17	2	he    	גלגלים	DDE54702-F0F8-4D28-A1C2-E46A6E7C2D89	2026-01-01 00:00:00.000
18	3	he    	מכנסי ביב	A575B7A2-2E9D-4C6F-AF8C-C355D65D32B7	2026-01-01 00:00:00.000
19	3	he    	כובעים	438768B8-08C1-4C5F-B659-62ABF35A74A9	2026-01-01 00:00:00.000
20	3	he    	כפפות	E0C04063-199E-402A-8EDD-EC660FC0B1AB	2026-01-01 00:00:00.000
21	3	he    	ג'רזים	B81BF824-8B38-4F40-9330-03078BCDA5A3	2026-01-01 00:00:00.000
22	3	he    	מכנסיים קצרים	966B57AC-E405-4C21-886A-0B991CA87DFF	2026-01-01 00:00:00.000
23	3	he    	גרביים	5869E602-DF3C-4DB7-8B5D-9D2CE73AD55C	2026-01-01 00:00:00.000
24	3	he    	טייצים	CE86C8AA-C3D4-4B6B-8EED-22A10F8C6624	2026-01-01 00:00:00.000
25	3	he    	וסטים	469DFB34-2C3C-4E1A-AF77-590A9273F6C0	2026-01-01 00:00:00.000
26	4	he    	מתקני אופניים	078F9BD1-E8F0-4A2C-B4D0-FEC352637FB5	2026-01-01 00:00:00.000
27	4	he    	עמדות תיקון אופניים	274C1C61-D261-44FC-AC36-06E67C67AD37	2026-01-01 00:00:00.000
28	4	he    	בקבוקים ומחזיקים	F79BCB58-6D87-463C-97E8-9A49EFEF9678	2026-01-01 00:00:00.000
29	4	he    	חומרי ניקוי	BE815240-76E7-486D-9CB9-87D9AFD5C106	2026-01-01 00:00:00.000
30	4	he    	מגני בוץ	82C82421-B23E-4AA8-A594-BD11090AE734	2026-01-01 00:00:00.000
31	4	he    	קסדות	A0BD0471-4BD3-4034-8FED-28E764EFF258	2026-01-01 00:00:00.000
32	4	he    	תיקים עם מערכת שתייה	C891C10E-CE8B-4B7F-B992-776167CA37F5	2026-01-01 00:00:00.000
33	4	he    	פנסים	243438EF-1EF8-4DA6-A7D2-2B2A80D110D2	2026-01-01 00:00:00.000
34	4	he    	מנעולים	413CD0D3-5A5D-4731-BDE1-8B08069762C9	2026-01-01 00:00:00.000
35	4	he    	תיקים צדדיים	E423509E-3C86-4895-A00C-8C49E2C4B68B	2026-01-01 00:00:00.000
36	4	he    	משאבות	236793FA-685E-44B4-A38C-F261F374F506	2026-01-01 00:00:00.000
37	4	he    	צמיגים וצינורות	F492812F-7280-4F64-8BDA-4A7678E7E7FE	2026-01-01 00:00:00.000
1	1	th    	จักรยานเสือภูเขา	37C9CFAC-C490-4929-B261-F945DE09191A	2026-01-01 00:00:00.000
2	1	th    	จักรยานถนน	ED913462-5EBF-4379-96F5-77B082410CD6	2026-01-01 00:00:00.000
3	1	th    	จักรยานทัวร์ริ่ง	8D457182-CFF9-4B7E-92FE-FD51EA1EFB10	2026-01-01 00:00:00.000
4	2	th    	แฮนด์จักรยาน	043E63B1-80C0-4A78-B619-1EC549BBC8D3	2026-01-01 00:00:00.000
5	2	th    	บ็อตท่อมบรากเก็ต	BC6C8761-4950-4896-B86D-328CE49F7A36	2026-01-01 00:00:00.000
6	2	th    	เบรก	73975BF9-E286-4969-9CC2-617CCDE9D264	2026-01-01 00:00:00.000
7	2	th    	โซ่จักรยาน	30196B4F-CFE2-4E46-B1F0-BDC8234D1822	2026-01-01 00:00:00.000
8	2	th    	ครังเซ็ต	2FA0223A-7631-469B-9EE2-EADD00D40F59	2026-01-01 00:00:00.000
9	2	th    	เดอเรลเลียร์	E6866741-0823-4830-833F-691E6F358A1C	2026-01-01 00:00:00.000
10	2	th    	ตะเกียบ	5369F83A-2FB2-4921-8412-474A309D13F2	2026-01-01 00:00:00.000
11	2	th    	เฮดเซ็ต	A09F8D25-768C-418D-B37A-C952E40D1F53	2026-01-01 00:00:00.000
12	2	th    	เฟรมเสือภูเขา	9925CFA1-8C89-4218-B4E3-9130EA1A0253	2026-01-01 00:00:00.000
13	2	th    	แป้นเหยียบ	E6C66EB9-1B20-480F-91BB-CD09964B88F5	2026-01-01 00:00:00.000
14	2	th    	เฟรมถนน	74134666-D441-432A-A325-74C8FEFAD29A	2026-01-01 00:00:00.000
15	2	th    	อานจักรยาน	1A072D2E-0083-4877-BAD6-80AE3A6B73B1	2026-01-01 00:00:00.000
16	2	th    	เฟรมทัวร์ริ่ง	B6B2DC60-C2E5-43F2-8B33-C04BA4C61B3E	2026-01-01 00:00:00.000
17	2	th    	ล้อจักรยาน	B50CD02D-F1B9-4E6B-A03A-C1BD32989211	2026-01-01 00:00:00.000
18	3	th    	กางเกงขาสั้นแบบมีสายรัดไหล่	76F556A4-76DB-4FBC-B02F-3DBAB503681D	2026-01-01 00:00:00.000
19	3	th    	หมวก	2CB8A2B0-0530-46C9-8679-50D68A103F5F	2026-01-01 00:00:00.000
20	3	th    	ถุงมือ	890FCE45-FECB-415A-B13F-6BF41FDDCD7F	2026-01-01 00:00:00.000
21	3	th    	เสื้อจักรยาน	D80F770F-A6D1-4CD8-BD39-0E2D75C40647	2026-01-01 00:00:00.000
22	3	th    	กางเกงขาสั้น	C19068A8-006E-4ED6-90DF-35CD72A5F7B2	2026-01-01 00:00:00.000
23	3	th    	ถุงเท้า	691B77B9-84A8-4803-AE0E-3960D6BC2013	2026-01-01 00:00:00.000
24	3	th    	กางเกงรัดรูป	E80729C7-7A26-4FAA-90C8-03BB744A5E13	2026-01-01 00:00:00.000
25	3	th    	เสื้อกั๊ก	278DDF7F-FA93-4602-8421-F35C31E2DE20	2026-01-01 00:00:00.000
26	4	th    	ที่วางจักรยาน	E598258B-F5A0-488C-B9AD-EEAA8A6707C2	2026-01-01 00:00:00.000
27	4	th    	ขาตั้งจักรยาน	BAA10154-474C-42E7-97AD-208D218D544D	2026-01-01 00:00:00.000
28	4	th    	ขวดน้ำและที่ยึดขวด	5ED2DF68-B9DE-45D2-92AB-823B0F58CE38	2026-01-01 00:00:00.000
29	4	th    	น้ำยาทำความสะอาด	589EEEAD-5A5F-488D-BA50-1ACAEB985785	2026-01-01 00:00:00.000
30	4	th    	บังโคลน	D23F1B02-E977-423F-BB04-068E18C463CC	2026-01-01 00:00:00.000
31	4	th    	หมวกกันน็อค	B502F3EF-AF0A-43A0-A42E-0F9BD5EF272D	2026-01-01 00:00:00.000
32	4	th    	กระเป๋าใส่น้ำ	1537975C-447E-43BB-A258-EFF24EF4F350	2026-01-01 00:00:00.000
33	4	th    	ไฟจักรยาน	36FA9FB3-7CDA-462C-AEC5-9B3E4C3FD0BA	2026-01-01 00:00:00.000
34	4	th    	กุญแจล็อกจักรยาน	ABDC21DF-D96D-4547-90E1-05000E6B0F76	2026-01-01 00:00:00.000
35	4	th    	กระเป๋าใส่ของข้างจักรยาน	211CC17B-268C-4245-BE29-1989D5ED3625	2026-01-01 00:00:00.000
36	4	th    	ปั๊มลม	8C301720-C20D-494A-99CC-75C11EE9059A	2026-01-01 00:00:00.000
37	4	th    	ยางและยางใน	D357C682-4179-4BD2-982E-EBCC76DBD028	2026-01-01 00:00:00.000
1	1	zh-cht	登山車	9EC41AFE-5771-4B7C-9F8F-12678F21C2DD	2026-01-01 00:00:00.000
2	1	zh-cht	公路車	7EA94950-ABC1-4BCA-B346-4B96086B2D26	2026-01-01 00:00:00.000
3	1	zh-cht	旅行車	B451FB4C-6980-4CC1-8E2A-DEA7B4215D5C	2026-01-01 00:00:00.000
4	2	zh-cht	車把	377F4482-2378-4EF6-A8C7-1EE4D7919120	2026-01-01 00:00:00.000
5	2	zh-cht	中軸	04CE25DF-DC1F-4FA9-9D8B-015025D376C4	2026-01-01 00:00:00.000
6	2	zh-cht	煞車	CF770CC9-88D7-44B8-8EC6-EC2C12B83D22	2026-01-01 00:00:00.000
7	2	zh-cht	鏈條	1C5A9112-9081-452F-94EF-B355DCB41636	2026-01-01 00:00:00.000
8	2	zh-cht	曲柄組	D13922BA-6EF2-407A-815E-9AF7930F1D9F	2026-01-01 00:00:00.000
9	2	zh-cht	變速器	DD6BCB75-9EDB-4EC4-AB36-2925043304E0	2026-01-01 00:00:00.000
10	2	zh-cht	前叉	333CCB40-C41C-4E58-A316-5152790B5F23	2026-01-01 00:00:00.000
11	2	zh-cht	頭碗組	8B618815-AFB5-49E5-9FFE-613C9DD93B71	2026-01-01 00:00:00.000
12	2	zh-cht	登山車車架	FE3B7BFB-C5E4-4439-88EC-F14CE2CEE204	2026-01-01 00:00:00.000
13	2	zh-cht	踏板	D903A0E9-3B26-4B89-98A2-A68FC4E26C2E	2026-01-01 00:00:00.000
14	2	zh-cht	公路車車架	32785472-8E7D-46A8-A341-E0AF19FC59BA	2026-01-01 00:00:00.000
15	2	zh-cht	坐墊	FC2FD567-C157-417E-A6CB-995AF40C6442	2026-01-01 00:00:00.000
16	2	zh-cht	旅行車車架	262E2CD0-3171-4DA7-A2A4-C208E097B104	2026-01-01 00:00:00.000
17	2	zh-cht	輪組	BC98FE24-9963-476E-822C-614AA0401AFF	2026-01-01 00:00:00.000
18	3	zh-cht	連身車褲	1334D21F-5AC0-4AF4-A989-24D0A20974A9	2026-01-01 00:00:00.000
19	3	zh-cht	帽子	2BFB9137-2692-4C5F-8E5F-92BA02CC493F	2026-01-01 00:00:00.000
20	3	zh-cht	手套	503C125F-D47F-4B5C-AD3E-47859BF05E31	2026-01-01 00:00:00.000
21	3	zh-cht	車衣	401A412F-FCFB-4E42-B0C8-C51C707769EC	2026-01-01 00:00:00.000
22	3	zh-cht	車褲	AC635F76-F957-4BAE-ABA7-6C7986CE0864	2026-01-01 00:00:00.000
23	3	zh-cht	襪子	449584FD-5C28-4756-B0C4-A9607A258A04	2026-01-01 00:00:00.000
24	3	zh-cht	緊身褲	0B2A0486-0048-421A-B229-E7DB021628E4	2026-01-01 00:00:00.000
25	3	zh-cht	背心	DBE9EF42-0E1F-4F58-BB07-3BFA32319D01	2026-01-01 00:00:00.000
26	4	zh-cht	自行車架	71EE54B6-A8C5-4B39-A226-6BDFFFA90919	2026-01-01 00:00:00.000
27	4	zh-cht	維修架	7D887FA4-9203-4936-9D28-5BE238B22995	2026-01-01 00:00:00.000
28	4	zh-cht	水壺與水壺架	0546280F-62E4-4361-9E01-509A349F49E5	2026-01-01 00:00:00.000
29	4	zh-cht	清潔劑	71F04FF5-CF15-4FCE-A689-BA84616C11BB	2026-01-01 00:00:00.000
30	4	zh-cht	擋泥板	C41D46BE-82A5-4904-A4E0-C48B7495F2CF	2026-01-01 00:00:00.000
31	4	zh-cht	安全帽	4B6B2765-98DA-475F-89D0-2F7BB0A9EEC8	2026-01-01 00:00:00.000
32	4	zh-cht	水袋背包	B56E13C0-B2D7-4C7E-AB9E-3369F7AA7E40	2026-01-01 00:00:00.000
33	4	zh-cht	車燈	BFD47488-A67C-4A0B-8DEB-1B2F9A4C0C4C	2026-01-01 00:00:00.000
34	4	zh-cht	鎖具	25C996A0-1994-4780-B6E9-F92AE02CFA60	2026-01-01 00:00:00.000
35	4	zh-cht	側背包	602BB686-8896-4C60-B3C7-EAAE9549A645	2026-01-01 00:00:00.000
36	4	zh-cht	打氣筒	A8474A2F-BE5D-4849-96BB-B4FABA8B9C1B	2026-01-01 00:00:00.000
37	4	zh-cht	輪胎與內胎	51890959-2CAB-4AA5-A3CD-0CF8C5F82036	2026-01-01 00:00:00.000
1	1	de    	Mountainbikes	DBDF025A-8D81-402D-9ABE-CC8786DFA8D8	2026-01-01 00:00:00.000
2	1	de    	Rennräder	B737B899-24BF-4486-9C05-DF21F3045ABB	2026-01-01 00:00:00.000
3	1	de    	Tourenräder	1514945C-E17A-4581-9BC6-D2A747301392	2026-01-01 00:00:00.000
4	2	de    	Lenker	156BCAC9-3DE2-4E7E-8A65-2B518CC9FA94	2026-01-01 00:00:00.000
5	2	de    	Tretlager	B456794F-6D0C-4465-9050-21430D4DF1A5	2026-01-01 00:00:00.000
6	2	de    	Bremsen	704B4041-155F-48C2-B6BF-8B09876C9983	2026-01-01 00:00:00.000
7	2	de    	Ketten	6CC6EE59-5475-4A3C-B7AC-2C71F8351014	2026-01-01 00:00:00.000
8	2	de    	Kurbelgarnituren	CB62D550-022F-46E4-9659-1FD2F48705A9	2026-01-01 00:00:00.000
9	2	de    	Schaltwerke	F3E1BB19-0E38-49E2-9896-0C04736C4556	2026-01-01 00:00:00.000
10	2	de    	Gabeln	EB70097D-6F9E-4CC3-9F0D-0B4B6FB2C564	2026-01-01 00:00:00.000
11	2	de    	Steuersätze	66B10814-95C0-4688-AACF-E425F6FAD7E5	2026-01-01 00:00:00.000
12	2	de    	Mountainbike-Rahmen	5CE58D8C-3BA1-4120-9E86-833C138A34C6	2026-01-01 00:00:00.000
13	2	de    	Pedale	4A726ADD-E267-4915-8C4B-0A4DF19AE4BF	2026-01-01 00:00:00.000
14	2	de    	Rennrad-Rahmen	E188089A-37FE-410F-BA17-0CEF3611381C	2026-01-01 00:00:00.000
15	2	de    	Sättel	F54B322D-A760-44FB-AD8B-D3913C8549D4	2026-01-01 00:00:00.000
16	2	de    	Tourenrahmen	6F85998C-5B3A-44A2-A9C2-51C78B704208	2026-01-01 00:00:00.000
17	2	de    	Laufräder	65D31E4B-C194-42B7-BBDC-5F341980E83D	2026-01-01 00:00:00.000
18	3	de    	Trägerhosen	74CD1C42-F40E-42CA-A3D4-421E4C82C32F	2026-01-01 00:00:00.000
19	3	de    	Mützen	3AF85096-0341-4889-A357-425DB0BA6DAF	2026-01-01 00:00:00.000
20	3	de    	Handschuhe	3E41BA18-3883-4DBD-9A50-F7D76CDCD457	2026-01-01 00:00:00.000
21	3	de    	Trikots	886F7C33-CE93-4CC2-8D78-4A8C0508772E	2026-01-01 00:00:00.000
22	3	de    	Shorts	31242780-5287-43F3-97E4-C2488796AFC2	2026-01-01 00:00:00.000
23	3	de    	Socken	71A8768D-CED8-40AB-8A15-9C9952485710	2026-01-01 00:00:00.000
24	3	de    	Tights	77EB7FCC-F580-40A0-85CF-6D94F6CE8C3F	2026-01-01 00:00:00.000
25	3	de    	Westen	A1E02F4D-C300-49F8-8C6D-AB2CDC2B15DC	2026-01-01 00:00:00.000
26	4	de    	Fahrradträger	F7076FDF-D3BF-4F51-82FC-739B14FA4942	2026-01-01 00:00:00.000
27	4	de    	Fahrradständer	56988C55-1CA5-4FAD-A86B-08667583EA77	2026-01-01 00:00:00.000
28	4	de    	Flaschen und Halter	B2581ED8-F390-45D1-86DA-7B41DB581469	2026-01-01 00:00:00.000
29	4	de    	Reiniger	F191193B-9CD5-45EA-8AE7-B179E14840CC	2026-01-01 00:00:00.000
30	4	de    	Schutzbleche	85350CF0-C658-441C-BC55-3B94D6FCE1EB	2026-01-01 00:00:00.000
31	4	de    	Helme	E5A17BF7-F3A5-4822-A27B-6E6AEA99E1C4	2026-01-01 00:00:00.000
32	4	de    	Trinkrucksäcke	912A83A9-0389-4CE1-850D-7F80B8334CBA	2026-01-01 00:00:00.000
33	4	de    	Lichter	A4F09313-1B6F-4354-9335-E59FA354C5E9	2026-01-01 00:00:00.000
34	4	de    	Schlösser	C863D23A-BAA1-4AE5-8E08-75BF0281D72C	2026-01-01 00:00:00.000
35	4	de    	Packtaschen	DE947ED4-5F62-45E0-A08A-B2073DB4F3C5	2026-01-01 00:00:00.000
36	4	de    	Pumpen	40C5FC18-4B68-4559-BB57-2E2EE30ECDAB	2026-01-01 00:00:00.000
37	4	de    	Reifen und Schläuche	F2681B23-662F-4484-900E-2B11030D03A1	2026-01-01 00:00:00.000
1	1	en-au 	Mountain Bikes	C67D86B1-94FA-4682-B604-B0F10EE041A3	2026-01-01 00:00:00.000
2	1	en-au 	Road Bikes	6B6A5582-7F74-4F5B-99D8-EFDB509D0A70	2026-01-01 00:00:00.000
3	1	en-au 	Touring Bikes	C442B926-B7C5-436D-9CB1-41DAF4B631BF	2026-01-01 00:00:00.000
4	2	en-au 	Handlebars	25BF73E2-0CC6-46B8-84F2-9BC9601BE690	2026-01-01 00:00:00.000
5	2	en-au 	Bottom Brackets	59ED108D-7C77-4144-8F76-617DFF8E52D1	2026-01-01 00:00:00.000
6	2	en-au 	Brakes	C2DDD9AB-E538-4216-975E-FF9A143FBBE0	2026-01-01 00:00:00.000
7	2	en-au 	Chains	97483D78-96F6-40F0-8AA9-44CAB5732F72	2026-01-01 00:00:00.000
8	2	en-au 	Cranksets	2E30B7EF-AB02-4E5E-B630-12294E705071	2026-01-01 00:00:00.000
9	2	en-au 	Derailleurs	98B4586F-03E8-4A89-9214-4992457CACB3	2026-01-01 00:00:00.000
10	2	en-au 	Forks	EC05FB86-EF7A-4657-8DB7-18B339C1708D	2026-01-01 00:00:00.000
11	2	en-au 	Headsets	353263A2-0FB4-4F9F-A40C-B655543E3D16	2026-01-01 00:00:00.000
12	2	en-au 	Mountain Frames	BB478E9F-0077-44D2-A610-F0697B60DB44	2026-01-01 00:00:00.000
13	2	en-au 	Pedals	E61125EA-26DB-4194-84E4-F234DB84E0EE	2026-01-01 00:00:00.000
14	2	en-au 	Road Frames	51726994-EAA9-4202-9B91-B16AA2F95039	2026-01-01 00:00:00.000
15	2	en-au 	Saddles	03693747-06DB-43EC-89AA-F0FED0065535	2026-01-01 00:00:00.000
16	2	en-au 	Touring Frames	E3E10142-4A9A-410E-BC86-18F122A1457D	2026-01-01 00:00:00.000
17	2	en-au 	Wheels	BA1EFF71-04F4-41E9-A734-14E624649419	2026-01-01 00:00:00.000
18	3	en-au 	Bib-Shorts	EB67B060-CC8E-438D-96A9-D53F779E48D9	2026-01-01 00:00:00.000
19	3	en-au 	Caps	1EDC2D4A-6F93-44F6-AA9D-C78632AEF7E4	2026-01-01 00:00:00.000
20	3	en-au 	Gloves	8C9D7F9A-6CCA-44DB-91D4-0E86280A88C7	2026-01-01 00:00:00.000
21	3	en-au 	Jerseys	C27A19F1-6004-4625-BE31-53E4D7192BD1	2026-01-01 00:00:00.000
22	3	en-au 	Shorts	8F2F7002-4C7D-492C-BA5F-5EBC8B16C6E3	2026-01-01 00:00:00.000
23	3	en-au 	Socks	A9B20CCC-8DBA-47A0-B8B5-04209C8F7F69	2026-01-01 00:00:00.000
24	3	en-au 	Tights	BAACEE2C-9F9F-482B-BB79-F7B936C66034	2026-01-01 00:00:00.000
25	3	en-au 	Vests	FF872F9C-9E9A-41B4-AAAF-99F525CBF1BC	2026-01-01 00:00:00.000
26	4	en-au 	Bike Racks	C4FBEC85-A871-4A5D-9338-C6BD0638C2E9	2026-01-01 00:00:00.000
27	4	en-au 	Bike Stands	38ACAE46-950B-4B3E-8BFF-8FE36BCF71F8	2026-01-01 00:00:00.000
28	4	en-au 	Bottles and Cages	3D73D535-F6D6-4626-80CC-346624973453	2026-01-01 00:00:00.000
29	4	en-au 	Cleaners	B87F275C-78B5-4DBF-B762-9154DA4A940D	2026-01-01 00:00:00.000
30	4	en-au 	Fenders	496A7E54-3268-4876-AD25-803B09D9228C	2026-01-01 00:00:00.000
31	4	en-au 	Helmets	444614CB-BB6C-4265-9454-56A09BEFA880	2026-01-01 00:00:00.000
32	4	en-au 	Hydration Packs	D174959D-9005-4113-9BCC-4DA41C98A31F	2026-01-01 00:00:00.000
33	4	en-au 	Lights	F274CFC1-1884-4668-9BCA-57B8AE3F98A0	2026-01-01 00:00:00.000
34	4	en-au 	Locks	4F8D6E9F-0F0A-4B34-8E6A-D61484C9B996	2026-01-01 00:00:00.000
35	4	en-au 	Panniers	A8444BE9-76AD-4D27-9B63-D9F864EFC8A9	2026-01-01 00:00:00.000
36	4	en-au 	Pumps	4A07914C-798C-4E7A-9CA3-A5C3A48AF37E	2026-01-01 00:00:00.000
37	4	en-au 	Tires and Tubes	5B3F88E1-D52B-42D3-A4F3-B8DD2AE4BE99	2026-01-01 00:00:00.000
1	1	en-ca 	Mountain Bikes	8DB13B09-A41B-48FB-8857-382D0E2F8C23	2026-01-01 00:00:00.000
2	1	en-ca 	Road Bikes	EC96D04D-C0FD-4EE6-BEA9-7B3CB1487EEF	2026-01-01 00:00:00.000
3	1	en-ca 	Touring Bikes	F2437D3F-E0AE-46F9-99E2-F71EAF5FDCED	2026-01-01 00:00:00.000
4	2	en-ca 	Handlebars	41D8A28F-DF3B-486D-B6FB-B1A4F68DC671	2026-01-01 00:00:00.000
5	2	en-ca 	Bottom Brackets	D655B309-46EB-4C7C-AF43-404B36FE253A	2026-01-01 00:00:00.000
6	2	en-ca 	Brakes	DA7ECE8E-88F6-4EE4-AB5E-0736A84DC4CA	2026-01-01 00:00:00.000
7	2	en-ca 	Chains	4D7408A3-703F-4BFC-A04B-843390BD7A43	2026-01-01 00:00:00.000
8	2	en-ca 	Cranksets	F1103131-2426-414D-B7BF-76224F3DDB5D	2026-01-01 00:00:00.000
9	2	en-ca 	Derailleurs	0F608317-D59E-4C51-A983-7C877B150DF9	2026-01-01 00:00:00.000
10	2	en-ca 	Forks	C21E9198-32B8-4252-93B2-BA7D740B2EDA	2026-01-01 00:00:00.000
11	2	en-ca 	Headsets	DDD163F4-7C9E-45DD-B4AB-2AB1979C5406	2026-01-01 00:00:00.000
12	2	en-ca 	Mountain Frames	E0607EE2-5E7F-41D9-A446-6506AA49599E	2026-01-01 00:00:00.000
13	2	en-ca 	Pedals	87CE9BD4-10C9-4B2A-BFD5-09F9D867BEA3	2026-01-01 00:00:00.000
14	2	en-ca 	Road Frames	381F037C-E8CF-4213-8C01-8C26070E541E	2026-01-01 00:00:00.000
15	2	en-ca 	Saddles	F2BD9810-549A-4D5C-BDF1-2226501BBF74	2026-01-01 00:00:00.000
16	2	en-ca 	Touring Frames	2219E0B9-C881-4226-8C2A-170F68F67921	2026-01-01 00:00:00.000
17	2	en-ca 	Wheels	3D0BD85F-6C10-4861-ABC0-A22EB0148E0B	2026-01-01 00:00:00.000
18	3	en-ca 	Bib-Shorts	AEE63B55-EB2A-4ABF-827F-6CFD44215375	2026-01-01 00:00:00.000
19	3	en-ca 	Caps	CF6F6AE2-76FC-4912-A41A-650308E07AC8	2026-01-01 00:00:00.000
20	3	en-ca 	Gloves	CD4C05AC-7FCC-4E9F-AAF4-12C686E3E392	2026-01-01 00:00:00.000
21	3	en-ca 	Jerseys	9047B838-9EB1-4104-9559-EB3885F10430	2026-01-01 00:00:00.000
22	3	en-ca 	Shorts	6639191D-6660-4689-9D11-E6F1CC57F481	2026-01-01 00:00:00.000
23	3	en-ca 	Socks	C9A167F5-ECFE-492F-BFD7-70CFC6F763F3	2026-01-01 00:00:00.000
24	3	en-ca 	Tights	3D0B88ED-2833-4012-B88D-194FD2051077	2026-01-01 00:00:00.000
25	3	en-ca 	Vests	F4E276A1-928E-4F48-A450-C7A9A3E9D1E4	2026-01-01 00:00:00.000
26	4	en-ca 	Bike Racks	8F8E3588-D5C3-4C8F-BA5B-EB92A075FFE1	2026-01-01 00:00:00.000
27	4	en-ca 	Bike Stands	C4762D6F-D371-4117-A65E-59B74F1C29B4	2026-01-01 00:00:00.000
28	4	en-ca 	Bottles and Cages	1ECE953D-7ED7-4691-9560-211361FCE217	2026-01-01 00:00:00.000
29	4	en-ca 	Cleaners	B34A3869-0DF4-444E-8522-6444DDCF42B3	2026-01-01 00:00:00.000
30	4	en-ca 	Fenders	35FC2DAF-15AC-42D3-85E7-5E4122ABD4E8	2026-01-01 00:00:00.000
31	4	en-ca 	Helmets	7B0245EC-04B2-4B28-9DCB-A046394FF5A1	2026-01-01 00:00:00.000
32	4	en-ca 	Hydration Packs	495EFA24-94B6-4E18-8285-E002714A7C76	2026-01-01 00:00:00.000
33	4	en-ca 	Lights	6329AF9B-00A5-4054-AC55-0BCDF45CF26A	2026-01-01 00:00:00.000
34	4	en-ca 	Locks	3E166455-34BA-4EF7-B896-EE4ACE270ECE	2026-01-01 00:00:00.000
35	4	en-ca 	Panniers	3FFE7897-68FF-45C8-B890-82DA3B221893	2026-01-01 00:00:00.000
36	4	en-ca 	Pumps	EF0C4A88-AE15-4C5C-9967-90DBAC322109	2026-01-01 00:00:00.000
37	4	en-ca 	Tires and Tubes	DFFBA1BC-0D91-473C-9BF6-1CD6EE3827DB	2026-01-01 00:00:00.000
1	1	en-gb 	Mountain Bikes	040D31FE-B7D1-44A5-A0B3-36EEA8A34BF5	2026-01-01 00:00:00.000
2	1	en-gb 	Road Bikes	806EF820-046E-4414-8442-2F9C7CC2A7F8	2026-01-01 00:00:00.000
3	1	en-gb 	Touring Bikes	8198FE8A-DABB-47E1-8B5A-7CBBCA0CE23B	2026-01-01 00:00:00.000
4	2	en-gb 	Handlebars	2B4AF4C5-F35D-45D6-8351-1C50C8033183	2026-01-01 00:00:00.000
5	2	en-gb 	Bottom Brackets	B42B19FE-0815-4060-8A6B-A93C6EC57895	2026-01-01 00:00:00.000
6	2	en-gb 	Brakes	D75790DC-0CB8-42A0-975A-E4FC95911292	2026-01-01 00:00:00.000
7	2	en-gb 	Chains	462ED5B9-DCE5-46A5-8B86-E335BF15713A	2026-01-01 00:00:00.000
8	2	en-gb 	Cranksets	EDF4FE5A-7ED4-48EA-B561-227060016C61	2026-01-01 00:00:00.000
9	2	en-gb 	Derailleurs	8F76760B-18E5-4514-A31D-98A3B4CAFF59	2026-01-01 00:00:00.000
10	2	en-gb 	Forks	0471F952-997C-4936-9231-2A18A3162E4C	2026-01-01 00:00:00.000
11	2	en-gb 	Headsets	3A55586D-8E11-4EF1-A239-2173DA3D4820	2026-01-01 00:00:00.000
12	2	en-gb 	Mountain Frames	7AD3E982-8ADA-4344-AA05-BA4029E8B46B	2026-01-01 00:00:00.000
13	2	en-gb 	Pedals	9AA51B6C-F137-4AAC-83A9-31F28AA57D1B	2026-01-01 00:00:00.000
14	2	en-gb 	Road Frames	F402B0DC-9ED3-45E9-8633-2133B04721BD	2026-01-01 00:00:00.000
15	2	en-gb 	Saddles	6C6619DE-1F2C-4994-86CF-DFA80BC69859	2026-01-01 00:00:00.000
16	2	en-gb 	Touring Frames	DC3F4D50-E76E-402F-A2AD-63FD2C876894	2026-01-01 00:00:00.000
17	2	en-gb 	Wheels	6D15D9E1-2E4C-4A56-941F-9ED326CBFBB3	2026-01-01 00:00:00.000
18	3	en-gb 	Bib-Shorts	7F88940E-2B43-4D39-A6FB-1860324BFD3F	2026-01-01 00:00:00.000
19	3	en-gb 	Caps	FDACFD2C-8DA6-4F37-B077-10070CDD455B	2026-01-01 00:00:00.000
20	3	en-gb 	Gloves	0CC658B5-52BE-4C0A-95C8-80F10AD3763E	2026-01-01 00:00:00.000
21	3	en-gb 	Jerseys	A8A9A76E-DD0F-4163-AE50-92A969ED5DCA	2026-01-01 00:00:00.000
22	3	en-gb 	Shorts	5E32C854-5728-49AE-AF6A-A57D541D0FEA	2026-01-01 00:00:00.000
23	3	en-gb 	Socks	011BC886-B2A9-4655-A7E6-5932AF7D11E5	2026-01-01 00:00:00.000
24	3	en-gb 	Tights	39DA2198-940F-4792-9516-F2668E819A5B	2026-01-01 00:00:00.000
25	3	en-gb 	Vests	AB6AE333-9464-4115-B9CB-CFB389B6AB2C	2026-01-01 00:00:00.000
26	4	en-gb 	Bike Racks	0038D1DF-117D-4174-BCED-F5BA2AF4D381	2026-01-01 00:00:00.000
27	4	en-gb 	Bike Stands	AC4A93EE-1D62-4CBE-ACD4-67AA07A9374F	2026-01-01 00:00:00.000
28	4	en-gb 	Bottles and Cages	24A7B3E0-851F-45FA-98CE-50D90C69A8C2	2026-01-01 00:00:00.000
29	4	en-gb 	Cleaners	1F161E84-1576-4851-9BB4-C499F36D4365	2026-01-01 00:00:00.000
30	4	en-gb 	Fenders	432FB892-3263-41D3-8D87-EA8F86930643	2026-01-01 00:00:00.000
31	4	en-gb 	Helmets	F9823350-BD59-4EC0-A481-0C645C171CF0	2026-01-01 00:00:00.000
32	4	en-gb 	Hydration Packs	568C97CE-6A4D-4193-9E1A-9B437AD4D9A3	2026-01-01 00:00:00.000
33	4	en-gb 	Lights	ACFE73C8-BECB-4E66-944A-B2989E7CD8FB	2026-01-01 00:00:00.000
34	4	en-gb 	Locks	AE0D5FC5-DE45-45B2-8068-D0ECCD37221B	2026-01-01 00:00:00.000
35	4	en-gb 	Panniers	B89507F6-7AA0-4657-BB9F-8E5034487DEE	2026-01-01 00:00:00.000
36	4	en-gb 	Pumps	F3FE9FD0-6DE5-4B57-8616-076804898C47	2026-01-01 00:00:00.000
37	4	en-gb 	Tires and Tubes	1127A7F4-5E3A-4EB6-AA8F-1CC19124570A	2026-01-01 00:00:00.000
1	1	en-ie 	Mountain Bikes	074F299C-2838-41A5-8CEB-C011E42CA91B	2026-01-01 00:00:00.000
2	1	en-ie 	Road Bikes	99EC4A4B-567D-487E-9AFC-B011E6AD7C07	2026-01-01 00:00:00.000
3	1	en-ie 	Touring Bikes	333E5558-C1D4-4855-93A0-BAFDC496A5E8	2026-01-01 00:00:00.000
4	2	en-ie 	Handlebars	70C65D89-C79D-4498-84A9-DE3FC22A4DA4	2026-01-01 00:00:00.000
5	2	en-ie 	Bottom Brackets	1EA8B91D-1A5C-4AE9-85B2-66AA46A5AAB3	2026-01-01 00:00:00.000
6	2	en-ie 	Brakes	11FFDBE1-8718-4BC6-9F6A-7B3F75565B59	2026-01-01 00:00:00.000
7	2	en-ie 	Chains	69C1EA2F-8F7D-4688-BB09-CDA9CAF4D126	2026-01-01 00:00:00.000
8	2	en-ie 	Cranksets	58618381-4384-44CD-91E7-C1E66EB32906	2026-01-01 00:00:00.000
9	2	en-ie 	Derailleurs	66747B92-6AF9-4DC5-8A1A-C1B9E27E6DAF	2026-01-01 00:00:00.000
10	2	en-ie 	Forks	D1526E4D-BC26-43B0-A958-7F0D11F72E59	2026-01-01 00:00:00.000
11	2	en-ie 	Headsets	AA97C65A-8079-4C15-9124-CE0B4EA5C901	2026-01-01 00:00:00.000
12	2	en-ie 	Mountain Frames	1DF1F2CF-9062-4282-8A3D-6222F321C740	2026-01-01 00:00:00.000
13	2	en-ie 	Pedals	586D9DB7-31B8-47DB-ABDE-23A52787A79B	2026-01-01 00:00:00.000
14	2	en-ie 	Road Frames	A1D574EB-DF26-4437-8188-3D6C714F4EC9	2026-01-01 00:00:00.000
15	2	en-ie 	Saddles	A35557FE-585C-4735-9216-B51C2D1089E6	2026-01-01 00:00:00.000
16	2	en-ie 	Touring Frames	A0AABC61-5D94-46DB-9F3A-9AC62253882F	2026-01-01 00:00:00.000
17	2	en-ie 	Wheels	8FA552DA-CC6E-4D64-9DC4-49FD78B2C008	2026-01-01 00:00:00.000
18	3	en-ie 	Bib-Shorts	51029E75-B72E-45EC-9AAC-D4045C530665	2026-01-01 00:00:00.000
19	3	en-ie 	Caps	7FA0BF0E-64F5-436B-AF74-C8073816C81A	2026-01-01 00:00:00.000
20	3	en-ie 	Gloves	9C041973-CDF0-46DB-8B57-A77CBC915E92	2026-01-01 00:00:00.000
21	3	en-ie 	Jerseys	E0D5CA09-6F58-40D6-B196-8C04D40FDB68	2026-01-01 00:00:00.000
22	3	en-ie 	Shorts	54BB383A-C064-4F25-B0C0-10EB8609C5A4	2026-01-01 00:00:00.000
23	3	en-ie 	Socks	27749321-A7A1-4E86-9BAE-D227F4B84E92	2026-01-01 00:00:00.000
24	3	en-ie 	Tights	762A6E85-8302-4738-9526-47A37ED58ECF	2026-01-01 00:00:00.000
25	3	en-ie 	Vests	749DB5D9-C156-4748-AF58-86A26B71D6F4	2026-01-01 00:00:00.000
26	4	en-ie 	Bike Racks	4EBB0F5A-8866-4083-B71B-895F1B9E0849	2026-01-01 00:00:00.000
27	4	en-ie 	Bike Stands	7EB85C5B-5DC9-4469-A9C4-7480B45789F1	2026-01-01 00:00:00.000
28	4	en-ie 	Bottles and Cages	C261D6DE-096F-42CB-AE21-EB54690497C5	2026-01-01 00:00:00.000
29	4	en-ie 	Cleaners	4D5D4813-385F-467A-B8F4-2703A60AF20F	2026-01-01 00:00:00.000
30	4	en-ie 	Fenders	40E2B1E8-B517-4AA7-B5DE-537FF04B075A	2026-01-01 00:00:00.000
31	4	en-ie 	Helmets	7D0054A4-6AA7-4448-9112-FB94C8E37368	2026-01-01 00:00:00.000
32	4	en-ie 	Hydration Packs	7FBAF6A5-0646-444C-BA6E-BC112D499763	2026-01-01 00:00:00.000
33	4	en-ie 	Lights	46095191-FAD5-44A8-9998-676DC2B8AC3B	2026-01-01 00:00:00.000
34	4	en-ie 	Locks	27781562-A4D4-4685-B515-F03984B93121	2026-01-01 00:00:00.000
35	4	en-ie 	Panniers	7C9ABACF-7DA9-432B-B7A0-4CEB5B17A892	2026-01-01 00:00:00.000
36	4	en-ie 	Pumps	22102494-C1C9-4021-8091-DD8065788A69	2026-01-01 00:00:00.000
37	4	en-ie 	Tires and Tubes	E4D204F1-37C8-4613-9542-EFFE8E2D0583	2026-01-01 00:00:00.000
1	1	en-nz 	Mountain Bikes	2DA430C1-B90C-4AA2-AE70-E3DBBE6F2B5E	2026-01-01 00:00:00.000
2	1	en-nz 	Road Bikes	312373D9-FA9A-4F49-BA11-E5331D9DC910	2026-01-01 00:00:00.000
3	1	en-nz 	Touring Bikes	20357CC9-50AF-4B06-9B33-E58A274B1886	2026-01-01 00:00:00.000
4	2	en-nz 	Handlebars	B91EB3C3-3BA5-4B27-903A-8CFBC3298E3A	2026-01-01 00:00:00.000
5	2	en-nz 	Bottom Brackets	5B3883BA-1709-45E5-853E-86E125C477EE	2026-01-01 00:00:00.000
6	2	en-nz 	Brakes	40A935DC-8A21-43C4-AE9F-D2DE400C4F24	2026-01-01 00:00:00.000
7	2	en-nz 	Chains	A6F91F5A-EC07-4887-BC72-57D9338ADA9F	2026-01-01 00:00:00.000
8	2	en-nz 	Cranksets	27A9FE84-8ED6-4664-8DF3-F216794BF554	2026-01-01 00:00:00.000
9	2	en-nz 	Derailleurs	6E8C0BC0-D3AB-49DE-946C-B6C15AFC389E	2026-01-01 00:00:00.000
10	2	en-nz 	Forks	C5FB5ACD-63F6-43AD-AD77-5DB0BFDB448D	2026-01-01 00:00:00.000
11	2	en-nz 	Headsets	180CA472-2106-4547-9F3D-2DD7507D7E9F	2026-01-01 00:00:00.000
12	2	en-nz 	Mountain Frames	44F8C51F-594C-4B39-AC3C-C5051D3F30C4	2026-01-01 00:00:00.000
13	2	en-nz 	Pedals	19980AD5-07D1-4208-9256-57CC1001A232	2026-01-01 00:00:00.000
14	2	en-nz 	Road Frames	5FA643D4-4A53-442D-938C-1E32A5BE14E2	2026-01-01 00:00:00.000
15	2	en-nz 	Saddles	838D3677-AF62-46C6-AB22-07EFBB7B407F	2026-01-01 00:00:00.000
16	2	en-nz 	Touring Frames	2B87E168-614F-46A1-AE7D-580DE90B0CBD	2026-01-01 00:00:00.000
17	2	en-nz 	Wheels	2174C3D6-EB3F-42F0-9B0E-FDCA5F264961	2026-01-01 00:00:00.000
18	3	en-nz 	Bib-Shorts	65F7D372-9C1C-4B19-8635-821D7092C2F6	2026-01-01 00:00:00.000
19	3	en-nz 	Caps	40298609-4D81-46AB-B1E3-BB04B4C8DECD	2026-01-01 00:00:00.000
20	3	en-nz 	Gloves	B6B3176C-C254-42C2-A190-4901BB357436	2026-01-01 00:00:00.000
21	3	en-nz 	Jerseys	D4D3B3C0-DDBB-4D17-88BE-ED0B7CA0D67A	2026-01-01 00:00:00.000
22	3	en-nz 	Shorts	60F83B41-1CE6-4E7E-B7D8-4D2DAC33DF16	2026-01-01 00:00:00.000
23	3	en-nz 	Socks	642A34A4-9590-421D-9DF3-278B5B31B6CD	2026-01-01 00:00:00.000
24	3	en-nz 	Tights	BD42DCA6-1E93-4991-B822-33FF30595CE7	2026-01-01 00:00:00.000
25	3	en-nz 	Vests	D791BD15-6A15-4D51-AAB2-E27E5D922819	2026-01-01 00:00:00.000
26	4	en-nz 	Bike Racks	57C844C7-0BE4-43F6-93E1-20EEE72EEFEA	2026-01-01 00:00:00.000
27	4	en-nz 	Bike Stands	7250D512-88C1-4678-82D5-3BC908BF89DB	2026-01-01 00:00:00.000
28	4	en-nz 	Bottles and Cages	DBC220BA-E584-4589-B7D1-2CED35444691	2026-01-01 00:00:00.000
29	4	en-nz 	Cleaners	1DE0F691-9BE0-47B0-870C-357C4219C9F4	2026-01-01 00:00:00.000
30	4	en-nz 	Fenders	FBD00939-D47A-45D6-8491-57CA92A19FA4	2026-01-01 00:00:00.000
31	4	en-nz 	Helmets	85C49118-FD7C-413B-B926-11EC69278583	2026-01-01 00:00:00.000
32	4	en-nz 	Hydration Packs	E201C8B7-D72E-4B08-9AED-0AB49D1920DD	2026-01-01 00:00:00.000
33	4	en-nz 	Lights	4BBC4832-2713-4148-A3A2-A1129D401406	2026-01-01 00:00:00.000
34	4	en-nz 	Locks	5BAEAB97-3635-4042-B549-BA8C297E44EA	2026-01-01 00:00:00.000
35	4	en-nz 	Panniers	66893288-F782-4756-851F-0E71D2B8DC06	2026-01-01 00:00:00.000
36	4	en-nz 	Pumps	8158C2CE-47E6-48FF-A421-BCE824CE67FB	2026-01-01 00:00:00.000
37	4	en-nz 	Tires and Tubes	5D5C33AB-E1BC-4747-821C-5C452A2FBB15	2026-01-01 00:00:00.000
1	1	id    	Sepeda Gunung	0E44EEFC-153D-4C74-93F3-74522CFEC09F	2026-01-01 00:00:00.000
2	1	id    	Sepeda Jalan	D9696224-D057-46C1-96FE-87FC129BC733	2026-01-01 00:00:00.000
3	1	id    	Sepeda Touring	50013BF7-D17C-45C8-935A-FD588D4D6CA8	2026-01-01 00:00:00.000
4	2	id    	Stang Sepeda	8253BBD2-C608-46E4-95FC-9C8D33A23D43	2026-01-01 00:00:00.000
5	2	id    	Bracket Bawah	08C7B198-2690-479F-BC8D-E8A475C72CCC	2026-01-01 00:00:00.000
6	2	id    	Rem	D04B554D-A42F-484E-B509-96EF652BD628	2026-01-01 00:00:00.000
7	2	id    	Rantai	7F37DC1A-4A43-4AA7-88BB-0DE9E60225FC	2026-01-01 00:00:00.000
8	2	id    	Crankset	4D4E0290-085A-4773-AD66-D9C036B14366	2026-01-01 00:00:00.000
9	2	id    	Derailleur	8D94CF5A-1950-48BA-B022-406DBAF5DE86	2026-01-01 00:00:00.000
10	2	id    	Garpu	F9908394-01AC-4E94-A1CC-66DD31630C4C	2026-01-01 00:00:00.000
11	2	id    	Headset	0F5BB6C7-8E52-4D70-8BB4-1416131F92F6	2026-01-01 00:00:00.000
12	2	id    	Rangka Gunung	4FFD4069-CD1D-4601-B6D9-D0461EA1ED87	2026-01-01 00:00:00.000
13	2	id    	Pedal	80B0ADAC-D35E-4CFF-AC54-7BBAE07C273D	2026-01-01 00:00:00.000
14	2	id    	Rangka Jalan	A21D6A0F-7DB2-4D1F-B977-6854099D2B1F	2026-01-01 00:00:00.000
15	2	id    	Sadel	ABA24235-8292-4626-9D45-3216D2C4661E	2026-01-01 00:00:00.000
16	2	id    	Rangka Touring	F8C3FB51-0E28-47AD-947C-065062D4DD07	2026-01-01 00:00:00.000
17	2	id    	Roda	9EE0C291-8C8B-4C6B-B016-FF6C8A17CD25	2026-01-01 00:00:00.000
18	3	id    	Celana Pendek dengan Suspender	C7415D27-4D9E-41CE-8ED4-2582A1AB6802	2026-01-01 00:00:00.000
19	3	id    	Topi	A529C7BB-1CF8-4C0F-89A7-75C7CBB326CD	2026-01-01 00:00:00.000
20	3	id    	Sarung Tangan	3519ECFD-60FB-4DF4-88C0-1207C11A0153	2026-01-01 00:00:00.000
21	3	id    	Jersey	28724587-CB02-495A-A694-4AB43D4DCEDB	2026-01-01 00:00:00.000
22	3	id    	Celana Pendek	6EB02AA9-14ED-436F-AE08-2CCBD1489F1D	2026-01-01 00:00:00.000
23	3	id    	Kaos Kaki	F078CD25-0E6F-4878-A1AA-511A1F145954	2026-01-01 00:00:00.000
24	3	id    	Celana Ketat	4C46F08A-33F4-4B6C-887B-BED61B7735DB	2026-01-01 00:00:00.000
25	3	id    	Rompi	CABE066C-2DA3-471A-9E1B-4F88F4DBE915	2026-01-01 00:00:00.000
26	4	id    	Rak Sepeda	699B210C-A8FC-4E62-957A-3604C96E19A3	2026-01-01 00:00:00.000
27	4	id    	Stand Sepeda	F8F5F486-CE0C-43F4-BB50-DB22A4198BBE	2026-01-01 00:00:00.000
28	4	id    	Botol dan Keranjang Botol	66839257-6789-473C-8492-650F7B00454A	2026-01-01 00:00:00.000
29	4	id    	Pembersih	B84D6AF3-87DB-4FEA-9AFE-3B50003667C1	2026-01-01 00:00:00.000
30	4	id    	Spakbor	759B9FF5-56A6-4176-9E6B-246749D5D34E	2026-01-01 00:00:00.000
31	4	id    	Helm	E0EEDCEA-A318-4EC5-A150-C9A01B1693E0	2026-01-01 00:00:00.000
32	4	id    	Tas Hidrasi	606DE74D-E9C2-491E-B243-F05662C92364	2026-01-01 00:00:00.000
33	4	id    	Lampu	19D25E6A-412D-4BF0-9B9F-88F094EE17B1	2026-01-01 00:00:00.000
34	4	id    	Kunci	79054C14-889F-4A70-ACBE-2EA71B229A44	2026-01-01 00:00:00.000
35	4	id    	Pannier	3B259188-5839-4FF8-A9C6-BFD76720E874	2026-01-01 00:00:00.000
36	4	id    	Pompa	1AC92672-79C9-4858-8414-50728A71BFF2	2026-01-01 00:00:00.000
37	4	id    	Ban dan Ban Dalam	CE6E6538-1E17-44E1-9E77-3BEE97C6CAFC	2026-01-01 00:00:00.000
1	1	it    	Biciclette da Montagna	D26BA4CB-798A-416A-B822-C05A44F7D146	2026-01-01 00:00:00.000
2	1	it    	Biciclette da Strada	5515CBE6-4128-4AFD-8B54-020CED609C63	2026-01-01 00:00:00.000
3	1	it    	Biciclette da Turismo	4637994F-40B5-4B21-8BB5-C5A65E23B284	2026-01-01 00:00:00.000
4	2	it    	Manubri	4A201737-2177-4EF4-8C79-16804F6968AE	2026-01-01 00:00:00.000
5	2	it    	Movimenti Centrali	359C1CBD-E6C3-4EFB-A31D-143361CD1A6F	2026-01-01 00:00:00.000
6	2	it    	Freni	05568B6D-4B45-45FC-8A48-22E5E7AB122A	2026-01-01 00:00:00.000
7	2	it    	Catene	67E63927-8AFA-41A7-BD3A-ADF6E72F5636	2026-01-01 00:00:00.000
8	2	it    	Guarniture	2B772BE4-9348-47D9-A2CC-5AB503D46CFC	2026-01-01 00:00:00.000
9	2	it    	Deragliatori	4E0E622D-23AF-4AA0-A4E8-55EEA74FF6EC	2026-01-01 00:00:00.000
10	2	it    	Forcelle	CF42F831-2842-4E8D-B988-642FFBDFCC9C	2026-01-01 00:00:00.000
11	2	it    	Serie Sterzo	9A3ECAFB-8DA3-4DF3-AD2B-8197A2A4B48C	2026-01-01 00:00:00.000
12	2	it    	Telai da Montagna	124D7BAC-6508-4931-B885-FD0B5B896BA1	2026-01-01 00:00:00.000
13	2	it    	Pedali	72ACF0D5-31AD-4AE5-B418-E1CB77E4A49F	2026-01-01 00:00:00.000
14	2	it    	Telai da Strada	A940E43F-CA92-4EB6-9503-FE532E405A14	2026-01-01 00:00:00.000
15	2	it    	Selle	2E015950-6EE2-4A42-BCAF-98B641B6CB8B	2026-01-01 00:00:00.000
16	2	it    	Telai da Turismo	FDD199FF-7FF1-4B7B-BE8A-F8A6288CD420	2026-01-01 00:00:00.000
17	2	it    	Ruote	C10C15ED-B04B-4B6C-B08A-215B6D82C225	2026-01-01 00:00:00.000
18	3	it    	Pantaloncini con Bretelle	CBDEA57D-92D5-4264-A144-AC5C54E175CB	2026-01-01 00:00:00.000
19	3	it    	Cappellini	6025E370-6094-4BA1-9EBF-3D1FFCC4557F	2026-01-01 00:00:00.000
20	3	it    	Guanti	DD0ADF9E-DBDD-41F6-87B4-4367647BD4E1	2026-01-01 00:00:00.000
21	3	it    	Maglie	C7E521FC-E995-4DFE-82D0-AF9468212C97	2026-01-01 00:00:00.000
22	3	it    	Pantaloncini	FC72F14B-5B9C-47B7-9592-975B51BB6FB8	2026-01-01 00:00:00.000
23	3	it    	Calze	81B9118F-1C8F-4E6F-9A35-49D9BFFF256D	2026-01-01 00:00:00.000
24	3	it    	Collant	E2A164A9-A722-4C79-AA88-BE507BDBC6B2	2026-01-01 00:00:00.000
25	3	it    	Gilet	8B33FD4C-48F5-4115-B60B-2CB920463089	2026-01-01 00:00:00.000
26	4	it    	Portabici	ED0BC715-FF3E-4077-8BFB-DD349DDDCC12	2026-01-01 00:00:00.000
27	4	it    	Cavalletti per Bici	49BE98E6-93D6-4B19-A605-8B7A35AB3188	2026-01-01 00:00:00.000
28	4	it    	Borracce e Portaborracce	AE96E550-9FDB-4E89-89E8-369530290F08	2026-01-01 00:00:00.000
29	4	it    	Detergenti	BAAF2633-5279-4A71-A5F0-B31AD89DCA0C	2026-01-01 00:00:00.000
30	4	it    	Parafanghi	31417D26-D418-4B64-B8A5-5B2CDE5C1F09	2026-01-01 00:00:00.000
31	4	it    	Caschi	5B5CF23B-9C99-4454-ACBF-87C3D424FB4D	2026-01-01 00:00:00.000
32	4	it    	Zaini Idratazione	AD685BE0-A697-490E-ADDF-EF24EE6A96DA	2026-01-01 00:00:00.000
33	4	it    	Luci	C55DBC51-48B4-49DF-90EF-1999FD5E6E4F	2026-01-01 00:00:00.000
34	4	it    	Lucchetti	E9DAEDAC-CF1F-435E-88EA-C933C5C2D6C4	2026-01-01 00:00:00.000
35	4	it    	Borse Laterali	8C3A01F2-34FA-4276-8E6B-E0CEBB5B116C	2026-01-01 00:00:00.000
36	4	it    	Pompe	39000131-E462-477F-84ED-BD327A44B635	2026-01-01 00:00:00.000
37	4	it    	Pneumatici e Camere d'Aria	627B2E8A-E2F6-4E82-94D4-3A88C81F9B7B	2026-01-01 00:00:00.000
1	1	ja    	マウンテンバイク	C945A8CA-BA9D-40F7-BC95-3EA598CFB0EB	2026-01-01 00:00:00.000
2	1	ja    	ロードバイク	84FE7A41-2995-4709-A8AF-81E30551DF85	2026-01-01 00:00:00.000
3	1	ja    	ツーリングバイク	47A0FB89-91EB-4107-891E-0457CB982551	2026-01-01 00:00:00.000
4	2	ja    	ハンドルバー	2431EFA8-9ED1-4778-ABF0-51AD156E42C8	2026-01-01 00:00:00.000
5	2	ja    	ボトムブラケット	4B87F81B-7BBC-4592-84CA-CCF4D7B31712	2026-01-01 00:00:00.000
6	2	ja    	ブレーキ	136E4BE9-0784-4C40-BF9C-0C52342BC1BC	2026-01-01 00:00:00.000
7	2	ja    	チェーン	3B0EC52C-5C40-43D0-9ED8-55F04191E664	2026-01-01 00:00:00.000
8	2	ja    	クランクセット	AEEF9DD7-4E5C-477D-86E3-FC531FEA23D1	2026-01-01 00:00:00.000
9	2	ja    	ディレイラー	0C6814D5-CBB3-4660-9E71-778BAD0F86EB	2026-01-01 00:00:00.000
10	2	ja    	フォーク	B3F20152-3381-4731-B43F-3863A2E02025	2026-01-01 00:00:00.000
11	2	ja    	ヘッドセット	A60C3AE5-3DF7-4782-A2A7-605C0F396F85	2026-01-01 00:00:00.000
12	2	ja    	マウンテンフレーム	57788FE4-C3D6-4BEC-B182-F1DF5300311D	2026-01-01 00:00:00.000
13	2	ja    	ペダル	371BC18A-B785-43C8-A81C-0ED64648B588	2026-01-01 00:00:00.000
14	2	ja    	ロードフレーム	CECBF764-E8CC-4DF6-AE20-A2E49AC6B558	2026-01-01 00:00:00.000
15	2	ja    	サドル	53EB5AED-136A-4DD0-B909-4466D382119C	2026-01-01 00:00:00.000
16	2	ja    	ツーリングフレーム	9F456A3C-50F4-4223-A66E-60103EBEC91D	2026-01-01 00:00:00.000
17	2	ja    	ホイール	D14D1349-EC5F-437A-8543-E5B45AABB929	2026-01-01 00:00:00.000
18	3	ja    	ビブショーツ	33A3C238-4D24-4CAC-A8F2-23C5CA2E8E11	2026-01-01 00:00:00.000
19	3	ja    	キャップ	9B13DE4E-8B4F-4CCD-81BA-80DD9F060DEF	2026-01-01 00:00:00.000
20	3	ja    	グローブ	B5E02798-2BFE-42F5-BC18-2DC0B887A142	2026-01-01 00:00:00.000
21	3	ja    	ジャージ	C80B0A5F-71AF-4AD3-B8F8-5D9FBF1CD54F	2026-01-01 00:00:00.000
22	3	ja    	ショーツ	B9D11914-66EA-4167-8583-894D1BA089DA	2026-01-01 00:00:00.000
23	3	ja    	ソックス	18F19254-9762-45C7-B18E-C7F97FA7A347	2026-01-01 00:00:00.000
24	3	ja    	タイツ	90F43150-7A77-4B04-B733-FE7ACFA4DA67	2026-01-01 00:00:00.000
25	3	ja    	ベスト	6748D6FC-0FCC-4C7D-87FA-055BCD4FD1A3	2026-01-01 00:00:00.000
26	4	ja    	バイクラック	EA60C1A8-4140-4035-BA22-17B40E62238C	2026-01-01 00:00:00.000
27	4	ja    	バイクスタンド	51D7EC08-95EF-4D55-B3C1-C74B8C7CAF79	2026-01-01 00:00:00.000
28	4	ja    	ボトル＆ケージ	9CC0EB19-3B97-493E-9157-40963B1C8298	2026-01-01 00:00:00.000
29	4	ja    	クリーナー	BAF2204D-5855-4D09-AEEB-C6A1FB48300A	2026-01-01 00:00:00.000
30	4	ja    	フェンダー	962293A5-7ECE-4156-B318-B7CC5CF99805	2026-01-01 00:00:00.000
31	4	ja    	ヘルメット	CF0EF753-1BC8-4629-9814-55F3758FD98B	2026-01-01 00:00:00.000
32	4	ja    	ハイドレーションパック	2B86EAE0-69F9-470A-90C2-A90F4952B532	2026-01-01 00:00:00.000
33	4	ja    	ライト	BA3B212E-90D7-4694-98DC-CE29D949F774	2026-01-01 00:00:00.000
34	4	ja    	ロック	1456EFD2-1DB1-4BC4-B273-96CB94965D29	2026-01-01 00:00:00.000
35	4	ja    	パニアバッグ	D76EE2B3-D3B4-403C-BDAD-5612D3681527	2026-01-01 00:00:00.000
36	4	ja    	ポンプ	764901F5-8E79-48F4-8D15-B755B147588C	2026-01-01 00:00:00.000
37	4	ja    	タイヤ＆チューブ	1DABE250-A6D9-40D0-AB1A-C5B2FE561E47	2026-01-01 00:00:00.000
1	1	ko    	산악 자전거	5F81D2E1-3001-46A2-ABF0-6797A827EBF0	2026-01-01 00:00:00.000
2	1	ko    	로드 자전거	5367CE19-8459-42B2-9C85-D9585541180F	2026-01-01 00:00:00.000
3	1	ko    	투어링 자전거	428C58E5-98AC-4092-88FF-0323494B1F1B	2026-01-01 00:00:00.000
4	2	ko    	핸들바	7B667373-35F0-426F-8EAA-B05A2CFA1780	2026-01-01 00:00:00.000
5	2	ko    	바텀 브래킷	8C618993-FB90-4D8B-8822-395D84616DE5	2026-01-01 00:00:00.000
6	2	ko    	브레이크	5BEE240C-C64D-47A5-87AF-13628D836A7E	2026-01-01 00:00:00.000
7	2	ko    	체인	E9B795DE-9614-4C54-902D-5890E4F18692	2026-01-01 00:00:00.000
8	2	ko    	크랭크셋	ADDD4B64-C5D1-4E5C-8C2C-A163073CC742	2026-01-01 00:00:00.000
9	2	ko    	변속기	A47F171B-3CD2-479C-B260-65229F1F8A31	2026-01-01 00:00:00.000
10	2	ko    	포크	C3820250-C6F0-4CD8-B5BF-C9DEEF540C89	2026-01-01 00:00:00.000
11	2	ko    	헤드셋	6224736E-4015-4FF6-A505-586E39EBFE18	2026-01-01 00:00:00.000
12	2	ko    	산악 프레임	71167BEA-9162-4E32-AD36-967F227CA264	2026-01-01 00:00:00.000
13	2	ko    	페달	CE853EF5-BE62-4971-9CA8-9CF43A83B006	2026-01-01 00:00:00.000
14	2	ko    	로드 프레임	825FD36C-E450-456B-9971-81F89E9267BE	2026-01-01 00:00:00.000
15	2	ko    	안장	23435447-1CA9-4A1F-A020-054DB6E88A24	2026-01-01 00:00:00.000
16	2	ko    	투어링 프레임	59CE1355-C83F-4DB1-B324-6C0FA0AAF533	2026-01-01 00:00:00.000
17	2	ko    	휠	C771F80E-0F2F-463A-9504-79AD0FD5793B	2026-01-01 00:00:00.000
18	3	ko    	빕숏	F63B2811-8C9C-4597-A7AB-A6C24AC32740	2026-01-01 00:00:00.000
19	3	ko    	캡	07705AE5-F4A5-4F9E-B583-BA37C1A44BA0	2026-01-01 00:00:00.000
20	3	ko    	장갑	06790B7C-FCCD-43B6-8CD0-80D645C40814	2026-01-01 00:00:00.000
21	3	ko    	저지	FA51A5A6-C0CC-4B29-87C6-69016DFC66FB	2026-01-01 00:00:00.000
22	3	ko    	반바지	0175E1AA-2C49-40A9-A1DB-51B0A4895DAE	2026-01-01 00:00:00.000
23	3	ko    	양말	BF734864-7B47-465C-BC76-B198B6C57094	2026-01-01 00:00:00.000
24	3	ko    	타이츠	9591CB71-2AEF-4645-AC0C-4CE416C17176	2026-01-01 00:00:00.000
25	3	ko    	조끼	E58FDF31-B261-4C52-8F7E-B8A92A815822	2026-01-01 00:00:00.000
26	4	ko    	자전거 랙	7687B7DE-34ED-4496-9DF0-7142E86C4BA9	2026-01-01 00:00:00.000
27	4	ko    	자전거 스탠드	708DA42F-016E-46BD-AA68-15D52FF1873D	2026-01-01 00:00:00.000
28	4	ko    	물병 및 케이지	E7A566B6-5248-432B-B9DE-BDBB7220A09C	2026-01-01 00:00:00.000
29	4	ko    	클리너	6AF9C572-13AB-406E-A575-AB4DC23674AD	2026-01-01 00:00:00.000
30	4	ko    	펜더	D1C8455D-DF61-4E5A-804E-9FDFED9B6E1F	2026-01-01 00:00:00.000
31	4	ko    	헬멧	C72A7FC0-5E18-4C60-8AE3-AAC3DA5A224C	2026-01-01 00:00:00.000
32	4	ko    	하이드레이션 팩	A946C6ED-1381-4B52-929B-7AA8D3505755	2026-01-01 00:00:00.000
33	4	ko    	라이트	3085511B-3489-43D4-8652-3F24A50E60D9	2026-01-01 00:00:00.000
34	4	ko    	자물쇠	E4E7D21B-7B9E-4BB3-9444-F542DAF50905	2026-01-01 00:00:00.000
35	4	ko    	패니어	6D2584DF-B3C8-491A-AE82-6F5296C6287D	2026-01-01 00:00:00.000
36	4	ko    	펌프	21D47344-B4F5-4E41-AE1A-18AC349CB6E4	2026-01-01 00:00:00.000
37	4	ko    	타이어 및 튜브	8FEE7BFA-E084-4F7D-8ED8-041722BEEF1E	2026-01-01 00:00:00.000
1	1	nl    	Mountainbikes	DE23AE9C-F3FD-4580-B0CB-8B0C1557D010	2026-01-01 00:00:00.000
2	1	nl    	Racefietsen	D2C65D4F-8BE2-4683-932E-B200074B12E1	2026-01-01 00:00:00.000
3	1	nl    	Toerfietsen	6618D8CF-AA4F-4397-A14D-017086C3FDF0	2026-01-01 00:00:00.000
4	2	nl    	Sturen	520DE2A6-EC89-4DF9-8559-8A3CB24C92F4	2026-01-01 00:00:00.000
5	2	nl    	Trapassen	CC4D35D6-44AE-4117-BE2D-E0F8BE6F8A0B	2026-01-01 00:00:00.000
6	2	nl    	Remmen	A9AFB7A7-EA9E-491A-A2DC-71A6E98A032C	2026-01-01 00:00:00.000
7	2	nl    	Ketting	52590397-4395-433C-AEEA-D93E82F068F6	2026-01-01 00:00:00.000
8	2	nl    	Crankstellen	7CBF062F-1EAE-4DD1-9418-7223185ABD86	2026-01-01 00:00:00.000
9	2	nl    	Derailleurs	53666720-0BCD-4385-A3A5-5026478C8DB6	2026-01-01 00:00:00.000
10	2	nl    	Vorken	62731C9B-0666-4164-8F4A-2B204972DF4B	2026-01-01 00:00:00.000
11	2	nl    	Balhoofdstel	75CDD7B3-58F9-4C84-BFDD-7C8C0010E5E4	2026-01-01 00:00:00.000
12	2	nl    	Mountainbikeframes	6DF73414-9A93-40A1-B620-75D30A8F311A	2026-01-01 00:00:00.000
13	2	nl    	Pedalen	F74BB34E-A879-4A9D-8AAA-B821A28DA3F0	2026-01-01 00:00:00.000
14	2	nl    	Racefietsenframes	63D935AD-901A-437B-B985-8334176E8E29	2026-01-01 00:00:00.000
15	2	nl    	Zadels	6466EA00-64BA-4313-95B7-A62FC392CB87	2026-01-01 00:00:00.000
16	2	nl    	Toerfietsenframes	AB3C3BDC-BE9D-46CE-8BD3-C7798F034E86	2026-01-01 00:00:00.000
17	2	nl    	Wielen	A685AF91-6DB0-4D5A-B39E-2C9F68E23F24	2026-01-01 00:00:00.000
18	3	nl    	Bibshorts	98B5E6F9-A973-42DB-B72F-ED0F6E47A1FA	2026-01-01 00:00:00.000
19	3	nl    	Petjes	3D9FE6BE-BC52-485E-809A-E67DA94B38BB	2026-01-01 00:00:00.000
20	3	nl    	Handschoenen	0E826E30-D88B-48AC-90EC-52236B8D478A	2026-01-01 00:00:00.000
21	3	nl    	Fietsshirts	30841C34-7A6E-41D3-804E-7E916F624AB9	2026-01-01 00:00:00.000
22	3	nl    	Fietsshorts	EA4E3A4C-C549-4A45-BE89-A4C313C3AFD9	2026-01-01 00:00:00.000
23	3	nl    	Sokken	37C30A47-FDF4-4D07-9702-03E770D8D073	2026-01-01 00:00:00.000
24	3	nl    	Fietstights	DDD397DF-A8C7-4E6C-BDB3-B8F357BDAE61	2026-01-01 00:00:00.000
25	3	nl    	Vesten	E42A2998-D95D-4F36-A180-FC9B1CAEDA55	2026-01-01 00:00:00.000
26	4	nl    	Fietsendragers	943B7A4E-5C3D-4920-AF2D-CBA7A2C61575	2026-01-01 00:00:00.000
27	4	nl    	Fietsstatieven	F8DB2816-F3F3-498B-B039-42566204D4BD	2026-01-01 00:00:00.000
28	4	nl    	Bidons en houders	A0CAD40C-C75D-437C-BF98-840D11E76112	2026-01-01 00:00:00.000
29	4	nl    	Reinigers	2B69B83D-6E8E-4CA4-82AA-C3998EF0F2D6	2026-01-01 00:00:00.000
30	4	nl    	Spatborden	EA25039C-7C63-4FC3-8FB5-84ADAF3731B0	2026-01-01 00:00:00.000
31	4	nl    	Helmen	4580E9CC-EE62-457A-B91A-62D406E58F63	2026-01-01 00:00:00.000
32	4	nl    	Hydratatiepacks	56CB8E8F-1CAC-4FC2-A424-57FCB1E01FCF	2026-01-01 00:00:00.000
33	4	nl    	Verlichting	F24F673C-5695-48AC-A60A-103673075B8F	2026-01-01 00:00:00.000
34	4	nl    	Fietssloten	0D09CD5D-0EB2-4EC9-A48F-6F02446EBB0C	2026-01-01 00:00:00.000
35	4	nl    	Fietstassen	C8F2F62C-C708-4C6E-843E-2B0BEB151572	2026-01-01 00:00:00.000
36	4	nl    	Fietspompen	5F714636-6CF0-47EF-B03E-55EAE1FCDA22	2026-01-01 00:00:00.000
37	4	nl    	Banden en binnenbanden	A23F43EB-FF5B-4051-A71E-50CD429B2D7A	2026-01-01 00:00:00.000
1	1	pt    	Bicicletas de Montanha	2650126E-2D92-42AC-A83E-9B138D5549B9	2026-01-01 00:00:00.000
2	1	pt    	Bicicletas de Estrada	C10971AE-28C9-4530-AD8F-C9E8AF29F012	2026-01-01 00:00:00.000
3	1	pt    	Bicicletas de Turismo	A390D32C-278A-42C5-ACF3-1825F8BAE501	2026-01-01 00:00:00.000
4	2	pt    	Guiadores	92BEED66-6196-486E-9F84-FEF554DA1971	2026-01-01 00:00:00.000
5	2	pt    	Movimentos Centrais	B3B82736-834F-4B78-AB0E-936A763BD62F	2026-01-01 00:00:00.000
6	2	pt    	Travões	037896B1-72D0-4111-AC2D-B2E4ACC6D3A6	2026-01-01 00:00:00.000
7	2	pt    	Correntes	1C288D8B-302A-44F0-AA7C-B784E59818D5	2026-01-01 00:00:00.000
8	2	pt    	Pedaleiros	9D10CEFB-4567-4A3B-9A35-E5C846B7AAB6	2026-01-01 00:00:00.000
9	2	pt    	Desviadores	04D6517F-7CAF-4EAF-894B-46C923EF1B2C	2026-01-01 00:00:00.000
10	2	pt    	Garfo	31D1EB8D-015B-4E20-A313-1C8F332FD79A	2026-01-01 00:00:00.000
11	2	pt    	Direções	CA2045A2-BB43-4D60-A1F3-908E8C21881F	2026-01-01 00:00:00.000
12	2	pt    	Quadros de Montanha	C45680DF-B413-4D1F-8D68-E17FF5D97846	2026-01-01 00:00:00.000
13	2	pt    	Pedais	C186F673-1E08-4DE2-9C2C-452D20CF3487	2026-01-01 00:00:00.000
14	2	pt    	Quadros de Estrada	B949D865-A0C6-4418-BE9D-935986E9D9E5	2026-01-01 00:00:00.000
15	2	pt    	Selins	F79EBC55-968C-4026-AFC3-8033FA2DC843	2026-01-01 00:00:00.000
16	2	pt    	Quadros de Turismo	7D6A301A-B46C-4F16-8551-8D4F279D61FB	2026-01-01 00:00:00.000
17	2	pt    	Rodas	65832227-A23F-42B3-975E-746604A3B9E4	2026-01-01 00:00:00.000
18	3	pt    	Calções com Alças	788EEE48-7F1F-48AB-B813-49A065CD8113	2026-01-01 00:00:00.000
19	3	pt    	Bonés	8FA02348-48B8-475F-B321-BB10C0D8F810	2026-01-01 00:00:00.000
20	3	pt    	Luvas	FDE6AC1F-B07D-4D58-9466-C99DC25A1867	2026-01-01 00:00:00.000
21	3	pt    	Camisolas	2455FF06-EBF6-4C9B-B02C-129C7200FC8B	2026-01-01 00:00:00.000
22	3	pt    	Calções	BE98570E-DD65-4E94-99C1-761C43A5CF62	2026-01-01 00:00:00.000
23	3	pt    	Meias	E6A5EE4B-C110-4BAA-8F21-9FD7047E82F4	2026-01-01 00:00:00.000
24	3	pt    	Calças Justas	ECB9E180-9D39-49A4-A0B4-2A2B8C63CAEC	2026-01-01 00:00:00.000
25	3	pt    	Colete	CE0D6DA9-00DF-4DE3-921A-4BFA894CCD1E	2026-01-01 00:00:00.000
26	4	pt    	Suportes para Bicicletas	B6EF356A-D077-4FF8-B245-83B376432B85	2026-01-01 00:00:00.000
27	4	pt    	Estantes para Bicicletas	3CB31BA0-727B-41C8-B139-5103FF460359	2026-01-01 00:00:00.000
28	4	pt    	Garrafinhas e Suportes	851BA53A-4FF5-42F7-B550-E02BE46D9553	2026-01-01 00:00:00.000
29	4	pt    	Produtos de Limpeza	F94B1885-B003-4F66-B464-03751497CCB4	2026-01-01 00:00:00.000
30	4	pt    	Guarda-lamas	B2444205-75AD-47BE-B87A-B329C01FEB3C	2026-01-01 00:00:00.000
31	4	pt    	Capacetes	CAD67B7D-F075-41CA-83FA-202D5D4362D1	2026-01-01 00:00:00.000
32	4	pt    	Mochilas de Hidratação	83232936-9C85-48E1-8C46-AE090D37D940	2026-01-01 00:00:00.000
33	4	pt    	Luzes	C7285DAB-F7C1-400A-8B6D-9A22AD2A354B	2026-01-01 00:00:00.000
34	4	pt    	Cadeados	7647FA75-BE37-44D7-8CCF-EDDE8304F191	2026-01-01 00:00:00.000
35	4	pt    	Alforjes	E2D49B7C-2FEB-4A37-ABFA-CDE60AF44470	2026-01-01 00:00:00.000
36	4	pt    	Bombas	5598920F-A90A-4083-AF32-954429F61B5F	2026-01-01 00:00:00.000
37	4	pt    	Pneus e Câmaras	12041936-CC88-4432-A3FE-6C0FAE4E6952	2026-01-01 00:00:00.000
1	1	ru    	Горные велосипеды	BD304FCA-FAAA-4EF5-A397-E32DDE561161	2026-01-01 00:00:00.000
2	1	ru    	Шоссейные велосипеды	DF34B842-2669-48DB-B3E9-72959893072E	2026-01-01 00:00:00.000
3	1	ru    	Туристические велосипеды	DC0B7AE9-20B7-44F8-A9A3-C039D99F2ED0	2026-01-01 00:00:00.000
4	2	ru    	Рули	63788155-6886-4D74-B154-AB4A2FF6D3E9	2026-01-01 00:00:00.000
5	2	ru    	Каретки	D7A342E0-1B8D-4C27-AD8F-FBEE10679741	2026-01-01 00:00:00.000
6	2	ru    	Тормоза	A2E87E64-452E-405A-8415-93C3145D1C00	2026-01-01 00:00:00.000
7	2	ru    	Цепи	736B8B29-0310-4164-95C0-62A67B0A8189	2026-01-01 00:00:00.000
8	2	ru    	Шатуны	7784BDA3-75C2-4A78-BAC6-06DD0998B405	2026-01-01 00:00:00.000
9	2	ru    	Переключатели передач	EA54D29A-1842-4C75-96FB-B01EC00FDBFD	2026-01-01 00:00:00.000
10	2	ru    	Вилки	408A51EB-E2A2-4A32-9D07-1BC8758F1E5C	2026-01-01 00:00:00.000
11	2	ru    	Рулевые наборы	2ABA716B-A62A-4296-82FC-B5886078AB99	2026-01-01 00:00:00.000
12	2	ru    	Горные рамы	D22837FC-3F48-4B6D-84D4-1325A5EC8217	2026-01-01 00:00:00.000
13	2	ru    	Педали	01AC3464-895C-4B19-AE3D-99186D00D242	2026-01-01 00:00:00.000
14	2	ru    	Шоссейные рамы	4848CA50-81A8-44B7-8E73-83048B713619	2026-01-01 00:00:00.000
15	2	ru    	Седла	9D22CAC5-3D9F-4C16-936C-185EFCC49F33	2026-01-01 00:00:00.000
16	2	ru    	Туристические рамы	3DE3A39C-6F65-490E-A0FB-AD2DA89CBCB3	2026-01-01 00:00:00.000
17	2	ru    	Колёса	6A00DFE1-F3A9-4781-9C30-0A532ACA2116	2026-01-01 00:00:00.000
18	3	ru    	Велотрусы с лямками	17170378-E439-40E5-8901-87AD844B375D	2026-01-01 00:00:00.000
19	3	ru    	Кепки	947D0D35-0604-4994-B4ED-1CB2605897A7	2026-01-01 00:00:00.000
20	3	ru    	Перчатки	765D1002-01DF-4B2F-8196-1EB80605B70F	2026-01-01 00:00:00.000
21	3	ru    	Джерси	28FAD171-5B68-4963-ACF7-885FD9073ED2	2026-01-01 00:00:00.000
22	3	ru    	Шорты	A521DB54-7D8D-485F-AACE-C39ED9F623B1	2026-01-01 00:00:00.000
23	3	ru    	Носки	71EF55EF-E7E7-43CD-9A0A-3DE494BF4011	2026-01-01 00:00:00.000
24	3	ru    	Тайтсы	3F47246E-AC64-48F9-8A51-CCC36AA42EB9	2026-01-01 00:00:00.000
25	3	ru    	Жилеты	4E5CE39D-12DE-41F5-8E56-0E05E3B1B852	2026-01-01 00:00:00.000
26	4	ru    	Велокрепления	561C611B-673C-42F3-9AA1-51CC365642D7	2026-01-01 00:00:00.000
27	4	ru    	Велоподставки	89438BB6-FFA9-40DF-9692-DC9A9FE478D1	2026-01-01 00:00:00.000
28	4	ru    	Фляги и держатели	BE69BD55-B713-47AB-8B82-9B0521667F4D	2026-01-01 00:00:00.000
29	4	ru    	Очистители	ECBB8537-934D-44B8-B075-7CD32202C0E0	2026-01-01 00:00:00.000
30	4	ru    	Крылья	8ABA52D9-45A3-4A0D-917A-B263F5CB6911	2026-01-01 00:00:00.000
31	4	ru    	Шлемы	5EF4C8F8-41D4-493A-AFE2-B9036DBA6795	2026-01-01 00:00:00.000
32	4	ru    	Гидраторные рюкзаки	2F86CCC7-141F-44C7-8FCB-B529A5BA21DA	2026-01-01 00:00:00.000
33	4	ru    	Фары	F77DDFC2-CA19-4ECB-9E0A-B03B056BF260	2026-01-01 00:00:00.000
34	4	ru    	Замки	55691B5C-AD85-4B95-B06F-BC7CECAB4A8D	2026-01-01 00:00:00.000
35	4	ru    	Велосумки	F884D6ED-46D6-4E08-8655-AEDF6D8A9AAE	2026-01-01 00:00:00.000
36	4	ru    	Насосы	BE02DDC2-2993-4C94-905E-95319AD48D83	2026-01-01 00:00:00.000
37	4	ru    	Покрышки и камеры	53E48365-0E4A-4520-95CC-5EEFC6282D76	2026-01-01 00:00:00.000
1	1	tr    	Dağ Bisikletleri	46908F32-51BF-414B-8823-B288020DC943	2026-01-01 00:00:00.000
2	1	tr    	Yol Bisikletleri	DC6AF534-34EE-4F8B-8494-89D3925DF17F	2026-01-01 00:00:00.000
3	1	tr    	Tur Bisikletleri	47139474-1D72-4011-B200-AFB99686B381	2026-01-01 00:00:00.000
4	2	tr    	Gidonlar	58B9D7AB-DF51-4F42-8F50-A7AE5919C323	2026-01-01 00:00:00.000
5	2	tr    	Orta Göbekler	585D21E7-DB47-4022-9848-D7257FAC94B9	2026-01-01 00:00:00.000
6	2	tr    	Frenler	B1797308-66FA-4CC7-BC54-21282FBB86EE	2026-01-01 00:00:00.000
7	2	tr    	Zincirler	0B76CA90-378C-4A99-83BD-B672E908DA5F	2026-01-01 00:00:00.000
8	2	tr    	Krank Setleri	79942BE8-C5D0-4FBA-AEE6-B82871DE58E2	2026-01-01 00:00:00.000
9	2	tr    	Vites Değiştiriciler	0F64FE10-5643-4B5A-BFA4-D6B1EFCFA4A1	2026-01-01 00:00:00.000
10	2	tr    	Maşalar	1CAE0C91-097B-45E6-9C21-EAF9540AD93E	2026-01-01 00:00:00.000
11	2	tr    	Ahead Setleri	BA9F2875-67C4-4C8A-9EE9-A3842EFE9476	2026-01-01 00:00:00.000
12	2	tr    	Dağ Bisikleti Kadroları	D9AE867F-C1F2-455A-B2E1-8D8E641775F8	2026-01-01 00:00:00.000
13	2	tr    	Pedallar	AB4A285B-67BE-45D5-8D43-DBA044BD19C4	2026-01-01 00:00:00.000
14	2	tr    	Yol Bisikleti Kadroları	8ABCBD17-F6D5-41F5-9074-32A0FCCC54F3	2026-01-01 00:00:00.000
15	2	tr    	Seleler	98200B0E-9131-4A38-A992-CA17252DEE15	2026-01-01 00:00:00.000
16	2	tr    	Tur Kadroları	52697923-37B2-4315-9018-C35DE0D03515	2026-01-01 00:00:00.000
17	2	tr    	Tekerlekler	ED2910CD-84C1-4750-94F3-C608FB8F8BAA	2026-01-01 00:00:00.000
18	3	tr    	Askılı Şortlar	EEBE209C-AD4C-44F5-88DE-D54A4A8C37CA	2026-01-01 00:00:00.000
19	3	tr    	Şapkalar	7A881817-9194-4982-9FCD-4F404950DF4A	2026-01-01 00:00:00.000
20	3	tr    	Eldivenler	6385F835-F2C4-4F7A-BC5D-1D7687CC8BA5	2026-01-01 00:00:00.000
21	3	tr    	Formalar	5405E647-AAD5-48F6-B509-5FCAF31843DE	2026-01-01 00:00:00.000
22	3	tr    	Şortlar	8E37D06E-9E5B-4E47-B8BC-36CFB4ADB483	2026-01-01 00:00:00.000
23	3	tr    	Çoraplar	8D30AAB3-51DD-4A10-A48E-663BB9B15913	2026-01-01 00:00:00.000
24	3	tr    	Taytlar	70E09D3A-034B-451C-B83A-DB4FB5AA955F	2026-01-01 00:00:00.000
25	3	tr    	Yelekler	1EB24723-B2B5-4B9F-9D58-B403D637C64B	2026-01-01 00:00:00.000
26	4	tr    	Bisiklet Taşıyıcıları	C1EA608F-FDA7-4379-8078-121ABECB3BDA	2026-01-01 00:00:00.000
27	4	tr    	Bisiklet Standları	5A211CAE-0E81-44DA-8BD2-EF91900521E5	2026-01-01 00:00:00.000
28	4	tr    	Matara ve Kafesleri	1066C35F-3348-4960-848D-E97FABBC3859	2026-01-01 00:00:00.000
29	4	tr    	Temizleyiciler	158EF9A7-0302-4AD4-8A8B-4A93B00D098F	2026-01-01 00:00:00.000
30	4	tr    	Çamurluklar	221FE201-F1F1-4E7D-AE0F-CC7CE8321D0C	2026-01-01 00:00:00.000
31	4	tr    	Kasklar	939129DE-4AB2-40C4-9D8E-2CA9E3984649	2026-01-01 00:00:00.000
32	4	tr    	Hidrasyon Çantaları	EDE8148D-8C01-4B03-BB37-C8F0593339DB	2026-01-01 00:00:00.000
33	4	tr    	Işıklar	0F708474-9928-4A30-AFE0-7431D9109E6A	2026-01-01 00:00:00.000
34	4	tr    	Kilitler	04DCD67C-FC6A-47AF-920C-F2038579C9B4	2026-01-01 00:00:00.000
35	4	tr    	Panikler	E450F1BE-53F6-4ABD-8658-52FC3A0AA584	2026-01-01 00:00:00.000
36	4	tr    	Pompalı	923EEE2C-B837-4772-96B2-310169FA8A1B	2026-01-01 00:00:00.000
37	4	tr    	Lastikler ve İç Lastikler	CD580CF3-2F33-421D-AEB7-F42243C3F069	2026-01-01 00:00:00.000
1	1	vi    	Xe đạp địa hình	EBB35CF2-7FD3-4210-BD17-2CA2F02E1E95	2026-01-01 00:00:00.000
2	1	vi    	Xe đạp đường trường	DBA462BB-F48B-42C9-A272-D3F5A28AAB61	2026-01-01 00:00:00.000
3	1	vi    	Xe đạp du lịch	E8F507DD-AF5B-43EA-981C-63217DC96A79	2026-01-01 00:00:00.000
4	2	vi    	Ghi đông	77FE8F68-7DFD-4A8C-A716-D9B20C974CCC	2026-01-01 00:00:00.000
5	2	vi    	Trục giữa	B11B27C9-1598-4F6A-907B-5D2F15965A0A	2026-01-01 00:00:00.000
6	2	vi    	Phanh	B8DDB6D7-7F07-4C93-8F42-BCD8C2E84592	2026-01-01 00:00:00.000
7	2	vi    	Xích	A7B0313C-B615-4D1F-837C-DB6FDAB421CB	2026-01-01 00:00:00.000
8	2	vi    	Bộ đùi đĩa	0F799AB6-489F-4944-B3B8-07D5AD9B7B26	2026-01-01 00:00:00.000
9	2	vi    	Bộ chuyển số	B4934680-FF99-494D-A0DD-0D338BAD7917	2026-01-01 00:00:00.000
10	2	vi    	Phuộc	AE5FE37D-D8D9-438F-8232-E54BED9E60CA	2026-01-01 00:00:00.000
11	2	vi    	Bộ cổ lái	49BE49B7-8CA9-4396-BC23-4E70EFC3B4FC	2026-01-01 00:00:00.000
12	2	vi    	Khung xe địa hình	807A6DCC-DB55-46FD-9B42-CD6BC7075DBA	2026-01-01 00:00:00.000
13	2	vi    	Bàn đạp	DB27FF60-5B29-48F7-B0BE-3B85B672BCEF	2026-01-01 00:00:00.000
14	2	vi    	Khung xe đường trường	CD725E6A-A8B1-4D15-AF49-BF6C03CAF7E0	2026-01-01 00:00:00.000
15	2	vi    	Yên xe	C34A767C-75F4-4E36-BA00-BA6DAC04B99E	2026-01-01 00:00:00.000
16	2	vi    	Khung xe du lịch	42CB1A4A-BD48-408D-A501-8532FC14F55F	2026-01-01 00:00:00.000
17	2	vi    	Bánh xe	1E839AAF-5334-440C-8A7E-1F417A190476	2026-01-01 00:00:00.000
18	3	vi    	Quần đùi yếm	6FD6A3BB-51FB-492B-8B61-36E2FDDE7815	2026-01-01 00:00:00.000
19	3	vi    	Mũ lưỡi trai	010BEC89-CC15-4232-BC88-3FBC579379A6	2026-01-01 00:00:00.000
20	3	vi    	Găng tay	194FCE8F-5EDC-414C-9ACF-893208D18E83	2026-01-01 00:00:00.000
21	3	vi    	Áo jersey	FB5C74C9-4806-426D-8C18-D9C5D03B5C90	2026-01-01 00:00:00.000
22	3	vi    	Quần đùi	CF7B692D-EC71-42A6-95CA-FCF19DBA6527	2026-01-01 00:00:00.000
23	3	vi    	Tất	7CADFFB9-ED74-4F8B-B3C8-B05FE54E74FC	2026-01-01 00:00:00.000
24	3	vi    	Quần bó	DD92F142-0C92-45F8-8CD0-BF420B97B6A0	2026-01-01 00:00:00.000
25	3	vi    	Áo gile	AF348A26-E1DB-4FDC-9490-3BEAA3F25252	2026-01-01 00:00:00.000
26	4	vi    	Giá để xe đạp	22E022F8-5398-42BD-BC34-CC0760D91A4A	2026-01-01 00:00:00.000
27	4	vi    	Giá đỡ xe đạp	8B4D715E-940C-477B-9C76-06DA3382B966	2026-01-01 00:00:00.000
28	4	vi    	Bình nước và giá đỡ	BC0547B3-FCBB-4EFE-949D-D30959E4DF93	2026-01-01 00:00:00.000
29	4	vi    	Dung dịch vệ sinh	AA065E5F-2381-473B-961E-0214834D1503	2026-01-01 00:00:00.000
30	4	vi    	Chắn bùn	37F1ADF5-0E5D-43B2-B527-3513FF62D6A8	2026-01-01 00:00:00.000
31	4	vi    	Mũ bảo hiểm	D6E547D9-5C0C-44C4-9F69-2B30856846CE	2026-01-01 00:00:00.000
32	4	vi    	Ba lô nước	C2FA7FDB-5FF1-421A-89D8-47E54A744422	2026-01-01 00:00:00.000
33	4	vi    	Đèn xe	D5A8D85B-6457-4943-92B8-C27057BB6EED	2026-01-01 00:00:00.000
34	4	vi    	Ổ khóa	C8A7B4FC-90D0-40FB-B2B3-0E09674F8FC0	2026-01-01 00:00:00.000
35	4	vi    	Túi đựng đồ xe đạp	27106FCC-6A45-4186-BFE3-B382DE92D068	2026-01-01 00:00:00.000
36	4	vi    	Bơm xe	DF0A9F96-D06D-4DBE-9530-161453A5B700	2026-01-01 00:00:00.000
37	4	vi    	Lốp và săm	460FD282-ED25-4C32-B810-DF153ECF6DE2	2026-01-01 00:00:00.000
1	1	zh    	山地自行车	D724BB1F-97A3-4A3C-A670-F967BA6C0263	2026-01-01 00:00:00.000
2	1	zh    	公路自行车	8BD13C60-CBE2-42A3-8809-064039772B98	2026-01-01 00:00:00.000
3	1	zh    	旅行自行车	2C67B6BE-152F-4955-A113-92773EFE85C0	2026-01-01 00:00:00.000
4	2	zh    	车把	3D90086E-E246-4411-B6C4-F9CC6B774D11	2026-01-01 00:00:00.000
5	2	zh    	中轴	CCACEA91-1C58-4562-AF5B-CFBB27B95856	2026-01-01 00:00:00.000
6	2	zh    	刹车	393B3635-E013-48A2-B2A0-41E1DA78FAE2	2026-01-01 00:00:00.000
7	2	zh    	链条	1480C534-6EFA-403B-8833-AFF58A419AE7	2026-01-01 00:00:00.000
8	2	zh    	曲柄组	B37898A3-8CCD-4B3B-ACBC-A1A98A764318	2026-01-01 00:00:00.000
9	2	zh    	变速器	BB4CA3D1-04B3-4582-AA77-031EBDABD2A1	2026-01-01 00:00:00.000
10	2	zh    	前叉	49597F2A-9D43-4C7F-86C5-385C31A59806	2026-01-01 00:00:00.000
11	2	zh    	头管组	850DE733-55A3-4A9B-8924-6208F5CB280C	2026-01-01 00:00:00.000
12	2	zh    	山地车架	0A07B321-D23E-41B5-AF04-D9F3F5485F02	2026-01-01 00:00:00.000
13	2	zh    	脚踏	092EAD97-6FBD-425D-81F7-D61FB22C37AA	2026-01-01 00:00:00.000
14	2	zh    	公路车架	B5EF9000-1434-49E1-96E7-02E96E0E71F4	2026-01-01 00:00:00.000
15	2	zh    	鞍座	1F1BF6D9-8A9F-43EF-AF3A-5C783E6F3DE1	2026-01-01 00:00:00.000
16	2	zh    	旅行车架	3017A71A-2DA3-4190-83B9-4883889F1B55	2026-01-01 00:00:00.000
17	2	zh    	车轮	63B77015-8794-41D6-80D8-D8941A9D67B9	2026-01-01 00:00:00.000
18	3	zh    	骑行背带短裤	E4C7AED5-0FF7-460A-9F6F-99A0C47405C2	2026-01-01 00:00:00.000
19	3	zh    	骑行帽	24733A28-CDC3-4588-A4F2-105B5F70E621	2026-01-01 00:00:00.000
20	3	zh    	手套	89D92D65-EC5D-4C44-8FAC-CD8027DDCD98	2026-01-01 00:00:00.000
21	3	zh    	骑行服	5F8310F4-6FDD-41A1-8CD6-B33104ACF389	2026-01-01 00:00:00.000
22	3	zh    	骑行短裤	9AB73B58-3391-4A34-93BF-C5A784560ABA	2026-01-01 00:00:00.000
23	3	zh    	骑行袜	AD030280-D0B9-4EAD-919A-4E771DFD74BB	2026-01-01 00:00:00.000
24	3	zh    	骑行紧身裤	51ECF09C-501B-48DA-8ACA-C165FAF7079D	2026-01-01 00:00:00.000
25	3	zh    	骑行背心	08A37EAD-D41B-4A26-B6D6-91374F1D2566	2026-01-01 00:00:00.000
26	4	zh    	自行车架	6C83D66A-A9F3-405B-994B-A546D0A43B77	2026-01-01 00:00:00.000
27	4	zh    	自行车维修架	D1FB775D-C7F7-4793-A6F9-021F1EC32DD3	2026-01-01 00:00:00.000
28	4	zh    	水壶及水壶架	946E7B81-34FC-4691-BD90-6994C8FD52BA	2026-01-01 00:00:00.000
29	4	zh    	清洁剂	2C275841-5C77-4DBB-BF7D-FF67CE99F057	2026-01-01 00:00:00.000
30	4	zh    	挡泥板	E8F8A99C-AE69-4C5E-9442-72DDDB4B70C3	2026-01-01 00:00:00.000
31	4	zh    	头盔	A91EEF0D-7FC7-4615-8064-DB10F097B5E8	2026-01-01 00:00:00.000
32	4	zh    	水袋背包	C27AD5A5-650C-4F89-B25D-7CCA304E0A7D	2026-01-01 00:00:00.000
33	4	zh    	车灯	984BAD91-1F7D-47B5-A9F9-EDD034A3919F	2026-01-01 00:00:00.000
34	4	zh    	锁具	D0FE2BD9-7B6E-4236-83E8-E4792E97EB82	2026-01-01 00:00:00.000
35	4	zh    	驮包	411FA8B9-B1CC-46F4-AAC1-458B87F500C5	2026-01-01 00:00:00.000
36	4	zh    	打气筒	411A2D29-D980-475F-BA0E-A6323B57CE0F	2026-01-01 00:00:00.000
37	4	zh    	轮胎及内胎	D31D92D6-99CB-499A-8A9F-20A9A9DCAB79	2026-01-01 00:00:00.000
