1	ar    	لا خصم	.0000	No Discount	No Discount	2011-05-01 00:00:00.000	2014-11-30 00:00:00.000	0		B2D0E5A6-2D58-4427-9DB3-7D2E537E7774	2026-01-01 00:00:00.000
2	ar    	خصم الكمية من 11 إلى 14	.0200	Volume Discount	Reseller	2011-05-31 00:00:00.000	2014-05-30 00:00:00.000	11	14	44BCE7C8-AC52-4BB6-91DA-7561D99E9491	2026-01-01 00:00:00.000
3	ar    	خصم الكمية من 15 إلى 24	.0500	Volume Discount	Reseller	2011-05-31 00:00:00.000	2014-05-30 00:00:00.000	15	24	39E1EFA9-7FCE-48C8-8172-AB8AEA3AF94D	2026-01-01 00:00:00.000
4	ar    	خصم الكمية من 25 إلى 40	.1000	Volume Discount	Reseller	2011-05-31 00:00:00.000	2014-05-30 00:00:00.000	25	40	CCAB602F-99ED-4B00-8BE2-B3040CD42F9E	2026-01-01 00:00:00.000
5	ar    	خصم الكمية من 41 إلى 60	.1500	Volume Discount	Reseller	2011-05-31 00:00:00.000	2014-05-30 00:00:00.000	41	60	1F28D981-FFD2-4CA8-89D6-0FE035E45B1D	2026-01-01 00:00:00.000
6	ar    	خصم الكمية لأكثر من 60	.2000	Volume Discount	Reseller	2011-05-31 00:00:00.000	2014-05-30 00:00:00.000	61		539DC491-DF71-4D00-A4C9-81B10230F816	2026-01-01 00:00:00.000
7	ar    	تخفيض تصفية جبل-100	.3500	Discontinued Product	Reseller	2012-04-13 00:00:00.000	2012-05-29 00:00:00.000	0		176E75A6-A840-4F97-9A5C-370C5AD69615	2026-01-01 00:00:00.000
8	ar    	خصم خوذة رياضية-2002	.1000	Seasonal Discount	Reseller	2012-05-30 00:00:00.000	2012-06-29 00:00:00.000	0		A615266D-65AC-4BD8-8763-0B769B69AA64	2026-01-01 00:00:00.000
9	ar    	تخزين زائد طريق-650	.3000	Excess Inventory	Reseller	2012-05-30 00:00:00.000	2012-07-30 00:00:00.000	0		AD2FB968-C4F3-473B-8D64-185BD495CC11	2026-01-01 00:00:00.000
10	ar    	تخفيض إطارات جبلية	.5000	Excess Inventory	Customer	2013-05-14 00:00:00.000	2013-07-29 00:00:00.000	0		808CC8FE-564D-4BF3-89CE-177CC83BB088	2026-01-01 00:00:00.000
11	ar    	خصم خوذة رياضية-2003	.1500	Seasonal Discount	Reseller	2013-05-30 00:00:00.000	2013-06-29 00:00:00.000	0		B370441E-E6B2-489E-9AF9-ACFBB13B51AC	2026-01-01 00:00:00.000
12	ar    	تخفيض إطار طريق LL	.3500	Excess Inventory	Reseller	2013-05-30 00:00:00.000	2013-07-14 00:00:00.000	0		4397D609-1BCD-4DA3-8C29-787E313F337E	2026-01-01 00:00:00.000
13	ar    	عرض ترويجي جولات-3000	.1500	New Product	Reseller	2013-05-30 00:00:00.000	2013-08-29 00:00:00.000	0		C58188A4-08F6-4197-9796-236549BBC36A	2026-01-01 00:00:00.000
14	ar    	عرض ترويجي جولات-1000	.2000	New Product	Reseller	2013-05-30 00:00:00.000	2013-08-29 00:00:00.000	0		81074BB3-16C9-4E04-90D9-072C6134BA60	2026-01-01 00:00:00.000
15	ar    	تخفيض نصف السعر على الدواسات	.5000	Seasonal Discount	Customer	2013-07-14 00:00:00.000	2013-08-14 00:00:00.000	0		32DAA715-ACD2-4F48-87D3-2A68DD7C7259	2026-01-01 00:00:00.000
16	ar    	تخفيض تصفية فضية جبل-500	.4000	Discontinued Product	Reseller	2014-03-31 00:00:00.000	2014-05-30 00:00:00.000	0		4832F273-78CB-4FDB-8856-9E3A6C36C30F	2026-01-01 00:00:00.000
1	en    	No Discount	.0000	No Discount	No Discount	2011-05-01 00:00:00.000	2014-11-30 00:00:00.000	0		0290C4F5-191F-4337-AB6B-0A2DDE03CBF9	2026-01-01 00:00:00.000
2	en    	Volume Discount 11 to 14	.0200	Volume Discount	Reseller	2011-05-31 00:00:00.000	2014-05-30 00:00:00.000	11	14	D7542EE7-15DB-4541-985C-5CC27AEF26D6	2026-01-01 00:00:00.000
3	en    	Volume Discount 15 to 24	.0500	Volume Discount	Reseller	2011-05-31 00:00:00.000	2014-05-30 00:00:00.000	15	24	4BDBCC01-8CF7-40A9-B643-40EC5B717491	2026-01-01 00:00:00.000
4	en    	Volume Discount 25 to 40	.1000	Volume Discount	Reseller	2011-05-31 00:00:00.000	2014-05-30 00:00:00.000	25	40	504B5E85-8F3F-4EBC-9E1D-C1BC5DEA9AA8	2026-01-01 00:00:00.000
5	en    	Volume Discount 41 to 60	.1500	Volume Discount	Reseller	2011-05-31 00:00:00.000	2014-05-30 00:00:00.000	41	60	677E1D9D-944F-4E81-90E8-47EB0A82D48C	2026-01-01 00:00:00.000
6	en    	Volume Discount over 60	.2000	Volume Discount	Reseller	2011-05-31 00:00:00.000	2014-05-30 00:00:00.000	61		8157F569-4E8D-46B6-9347-5D0F726A9439	2026-01-01 00:00:00.000
7	en    	Mountain-100 Clearance Sale	.3500	Discontinued Product	Reseller	2012-04-13 00:00:00.000	2012-05-29 00:00:00.000	0		7DF15BF5-6C05-47E7-80A4-22BD1CE59A72	2026-01-01 00:00:00.000
8	en    	Sport Helmet Discount-2002	.1000	Seasonal Discount	Reseller	2012-05-30 00:00:00.000	2012-06-29 00:00:00.000	0		20C5D2CC-A38F-48F8-AC9A-8F15943E52AE	2026-01-01 00:00:00.000
9	en    	Road-650 Overstock	.3000	Excess Inventory	Reseller	2012-05-30 00:00:00.000	2012-07-30 00:00:00.000	0		0CF8472B-F9E6-4945-9E09-549D7DDE2198	2026-01-01 00:00:00.000
10	en    	Mountain Tire Sale	.5000	Excess Inventory	Customer	2013-05-14 00:00:00.000	2013-07-29 00:00:00.000	0		220444AD-2EF3-4E4C-87E9-3AA6EE39A877	2026-01-01 00:00:00.000
11	en    	Sport Helmet Discount-2003	.1500	Seasonal Discount	Reseller	2013-05-30 00:00:00.000	2013-06-29 00:00:00.000	0		E72DAB1D-F44D-448B-9FE2-F259A2F0210D	2026-01-01 00:00:00.000
12	en    	LL Road Frame Sale	.3500	Excess Inventory	Reseller	2013-05-30 00:00:00.000	2013-07-14 00:00:00.000	0		C0AF1C89-9722-4235-9248-3FBA4D9E5841	2026-01-01 00:00:00.000
13	en    	Touring-3000 Promotion	.1500	New Product	Reseller	2013-05-30 00:00:00.000	2013-08-29 00:00:00.000	0		5061CCE4-E021-45A8-9A75-DFB36CBBCE85	2026-01-01 00:00:00.000
14	en    	Touring-1000 Promotion	.2000	New Product	Reseller	2013-05-30 00:00:00.000	2013-08-29 00:00:00.000	0		1AF84A9E-A98C-4BD9-B48F-DC2B8B6B010B	2026-01-01 00:00:00.000
15	en    	Half-Price Pedal Sale	.5000	Seasonal Discount	Customer	2013-07-14 00:00:00.000	2013-08-14 00:00:00.000	0		03E3594D-6EBB-46A6-B8EE-A9289C0C2E47	2026-01-01 00:00:00.000
16	en    	Mountain-500 Silver Clearance Sale	.4000	Discontinued Product	Reseller	2014-03-31 00:00:00.000	2014-05-30 00:00:00.000	0		EB7CB484-BCCF-4D2D-BF73-521B20014174	2026-01-01 00:00:00.000
1	es    	Sin descuento	.0000	No Discount	No Discount	2011-05-01 00:00:00.000	2014-11-30 00:00:00.000	0		C875DE83-4E55-43ED-9D02-85545E823562	2026-01-01 00:00:00.000
2	es    	Descuento por volumen de 11 a 14	.0200	Volume Discount	Reseller	2011-05-31 00:00:00.000	2014-05-30 00:00:00.000	11	14	A51C7486-5FA2-40D8-B5A7-29F720EE4C22	2026-01-01 00:00:00.000
3	es    	Descuento por volumen de 15 a 24	.0500	Volume Discount	Reseller	2011-05-31 00:00:00.000	2014-05-30 00:00:00.000	15	24	6234C11F-87E4-4D53-BA05-0F91A4FBF2BC	2026-01-01 00:00:00.000
4	es    	Descuento por volumen de 25 a 40	.1000	Volume Discount	Reseller	2011-05-31 00:00:00.000	2014-05-30 00:00:00.000	25	40	94B0C083-5AAC-4CB6-A57A-78D9DA6BAA32	2026-01-01 00:00:00.000
5	es    	Descuento por volumen de 41 a 60	.1500	Volume Discount	Reseller	2011-05-31 00:00:00.000	2014-05-30 00:00:00.000	41	60	D1BD4907-5CF0-4B84-A0DD-44F2026BFD07	2026-01-01 00:00:00.000
6	es    	Descuento por volumen más de 60	.2000	Volume Discount	Reseller	2011-05-31 00:00:00.000	2014-05-30 00:00:00.000	61		E9B1112E-B84C-4015-8F2D-93DD6F1CF507	2026-01-01 00:00:00.000
7	es    	Venta de liquidación Mountain-100	.3500	Discontinued Product	Reseller	2012-04-13 00:00:00.000	2012-05-29 00:00:00.000	0		39A5F4DD-45BF-4FA5-BE82-9698C8A7DD4B	2026-01-01 00:00:00.000
8	es    	Descuento en casco deportivo-2002	.1000	Seasonal Discount	Reseller	2012-05-30 00:00:00.000	2012-06-29 00:00:00.000	0		FE11ACB5-7198-4C4C-A3C4-DCDF490B095F	2026-01-01 00:00:00.000
9	es    	Exceso de stock Road-650	.3000	Excess Inventory	Reseller	2012-05-30 00:00:00.000	2012-07-30 00:00:00.000	0		D88480FC-6A7A-4D34-AC6E-260074F70938	2026-01-01 00:00:00.000
10	es    	Venta de neumáticos para montaña	.5000	Excess Inventory	Customer	2013-05-14 00:00:00.000	2013-07-29 00:00:00.000	0		5D85E890-900B-4FA7-AD21-289671C58577	2026-01-01 00:00:00.000
11	es    	Descuento en casco deportivo-2003	.1500	Seasonal Discount	Reseller	2013-05-30 00:00:00.000	2013-06-29 00:00:00.000	0		17A7BFB9-E002-4BF5-B406-920608D0F664	2026-01-01 00:00:00.000
12	es    	Venta de cuadro LL Road	.3500	Excess Inventory	Reseller	2013-05-30 00:00:00.000	2013-07-14 00:00:00.000	0		ADD7E0E9-48C9-4189-B4BF-B74A58E95958	2026-01-01 00:00:00.000
13	es    	Promoción Touring-3000	.1500	New Product	Reseller	2013-05-30 00:00:00.000	2013-08-29 00:00:00.000	0		069B1784-E1AF-4EAC-B337-3916A8B69B18	2026-01-01 00:00:00.000
14	es    	Promoción Touring-1000	.2000	New Product	Reseller	2013-05-30 00:00:00.000	2013-08-29 00:00:00.000	0		CCACADE7-C05C-4D63-A4FE-1FC9E71E945A	2026-01-01 00:00:00.000
15	es    	Venta de pedales a mitad de precio	.5000	Seasonal Discount	Customer	2013-07-14 00:00:00.000	2013-08-14 00:00:00.000	0		D1B91EFD-C5F4-43E4-9AB6-A931C8A3EB5B	2026-01-01 00:00:00.000
16	es    	Venta de liquidación Mountain-500 Silver	.4000	Discontinued Product	Reseller	2014-03-31 00:00:00.000	2014-05-30 00:00:00.000	0		29345D7E-CBCD-455B-AE47-C899F4C9DFAF	2026-01-01 00:00:00.000
1	fr    	Pas de réduction	.0000	No Discount	No Discount	2011-05-01 00:00:00.000	2014-11-30 00:00:00.000	0		B125D9B0-0D5B-4708-9F55-865BCB4BC1C9	2026-01-01 00:00:00.000
2	fr    	Remise sur volume de 11 à 14	.0200	Volume Discount	Reseller	2011-05-31 00:00:00.000	2014-05-30 00:00:00.000	11	14	1E10D320-2C48-428E-8AC8-043A121A9C59	2026-01-01 00:00:00.000
3	fr    	Remise sur volume de 15 à 24	.0500	Volume Discount	Reseller	2011-05-31 00:00:00.000	2014-05-30 00:00:00.000	15	24	7C3CED4D-C850-4A1D-8D51-AEECBE6C32B3	2026-01-01 00:00:00.000
4	fr    	Remise sur volume de 25 à 40	.1000	Volume Discount	Reseller	2011-05-31 00:00:00.000	2014-05-30 00:00:00.000	25	40	AE20A5D0-3EB8-4F2C-9038-D2279C79151D	2026-01-01 00:00:00.000
5	fr    	Remise sur volume de 41 à 60	.1500	Volume Discount	Reseller	2011-05-31 00:00:00.000	2014-05-30 00:00:00.000	41	60	F7B9E9BF-6CF4-485C-93B0-F5DBA42A1052	2026-01-01 00:00:00.000
6	fr    	Remise sur volume au-delà de 60	.2000	Volume Discount	Reseller	2011-05-31 00:00:00.000	2014-05-30 00:00:00.000	61		47D5FDBA-59E3-43BD-B353-CC2DDA7209A2	2026-01-01 00:00:00.000
7	fr    	Soldes Mountain-100	.3500	Discontinued Product	Reseller	2012-04-13 00:00:00.000	2012-05-29 00:00:00.000	0		761F12A0-928F-4FB9-83B8-318F2DAFEA4C	2026-01-01 00:00:00.000
8	fr    	Remise sur casque de sport-2002	.1000	Seasonal Discount	Reseller	2012-05-30 00:00:00.000	2012-06-29 00:00:00.000	0		CB5206B1-9522-4592-88CD-E98D9DD893CB	2026-01-01 00:00:00.000
9	fr    	Surstock Road-650	.3000	Excess Inventory	Reseller	2012-05-30 00:00:00.000	2012-07-30 00:00:00.000	0		A560255D-0056-4970-B900-05383D083024	2026-01-01 00:00:00.000
10	fr    	Promotion pneus de montagne	.5000	Excess Inventory	Customer	2013-05-14 00:00:00.000	2013-07-29 00:00:00.000	0		295BEBAF-574E-46B2-9BDD-00C38953B509	2026-01-01 00:00:00.000
11	fr    	Remise sur casque de sport-2003	.1500	Seasonal Discount	Reseller	2013-05-30 00:00:00.000	2013-06-29 00:00:00.000	0		8C8335DA-3DA0-4CF9-A505-56EE39792718	2026-01-01 00:00:00.000
12	fr    	Soldes cadre LL Road	.3500	Excess Inventory	Reseller	2013-05-30 00:00:00.000	2013-07-14 00:00:00.000	0		72C06241-CA5D-4DE8-AE23-14C6B4D7981F	2026-01-01 00:00:00.000
13	fr    	Promotion Touring-3000	.1500	New Product	Reseller	2013-05-30 00:00:00.000	2013-08-29 00:00:00.000	0		0D635175-6379-4FBE-9ACD-0FA134DEDC3F	2026-01-01 00:00:00.000
14	fr    	Promotion Touring-1000	.2000	New Product	Reseller	2013-05-30 00:00:00.000	2013-08-29 00:00:00.000	0		B5374936-FBF9-43FB-A4DD-638EBC29ADBF	2026-01-01 00:00:00.000
15	fr    	Promotion pédales à moitié prix	.5000	Seasonal Discount	Customer	2013-07-14 00:00:00.000	2013-08-14 00:00:00.000	0		B2506A65-841D-4BB1-86A8-38927C873B1F	2026-01-01 00:00:00.000
16	fr    	Soldes argent Mountain-500	.4000	Discontinued Product	Reseller	2014-03-31 00:00:00.000	2014-05-30 00:00:00.000	0		87B12894-C24C-4A0A-9DEF-491FED68279F	2026-01-01 00:00:00.000
1	he    	אין הנחה	.0000	No Discount	No Discount	2011-05-01 00:00:00.000	2014-11-30 00:00:00.000	0		0955C725-B76F-4F27-8C5B-3D66C1CAE172	2026-01-01 00:00:00.000
2	he    	הנחת כמות 11 עד 14	.0200	Volume Discount	Reseller	2011-05-31 00:00:00.000	2014-05-30 00:00:00.000	11	14	7C6CE7A4-AF11-4464-AD2A-38307C93FEC2	2026-01-01 00:00:00.000
3	he    	הנחת כמות 15 עד 24	.0500	Volume Discount	Reseller	2011-05-31 00:00:00.000	2014-05-30 00:00:00.000	15	24	A56D1C81-7923-412B-AF23-0285D1D2DE41	2026-01-01 00:00:00.000
4	he    	הנחת כמות 25 עד 40	.1000	Volume Discount	Reseller	2011-05-31 00:00:00.000	2014-05-30 00:00:00.000	25	40	FB2E8DAE-4C0C-4704-BFCE-E78289986CFA	2026-01-01 00:00:00.000
5	he    	הנחת כמות 41 עד 60	.1500	Volume Discount	Reseller	2011-05-31 00:00:00.000	2014-05-30 00:00:00.000	41	60	DAEDF1DB-6BE3-40AF-976F-B5485B8F4594	2026-01-01 00:00:00.000
6	he    	הנחת כמות מעל 60	.2000	Volume Discount	Reseller	2011-05-31 00:00:00.000	2014-05-30 00:00:00.000	61		0EDE2CBA-029B-4DA1-9631-7726B7D14691	2026-01-01 00:00:00.000
7	he    	מבצע ניקוי מלאי Mountain-100	.3500	Discontinued Product	Reseller	2012-04-13 00:00:00.000	2012-05-29 00:00:00.000	0		6E20A03E-59A4-4FB9-94AB-6603B55AF282	2026-01-01 00:00:00.000
8	he    	הנחת קסדות ספורט-2002	.1000	Seasonal Discount	Reseller	2012-05-30 00:00:00.000	2012-06-29 00:00:00.000	0		B4F9B654-C6FB-4C07-A686-8005A92427E8	2026-01-01 00:00:00.000
9	he    	עודפי מלאי Road-650	.3000	Excess Inventory	Reseller	2012-05-30 00:00:00.000	2012-07-30 00:00:00.000	0		F683EC65-F117-4F01-978A-87103DD12229	2026-01-01 00:00:00.000
10	he    	מבצע צמיגי הרים	.5000	Excess Inventory	Customer	2013-05-14 00:00:00.000	2013-07-29 00:00:00.000	0		A4C41321-8025-4200-8284-104A14077D65	2026-01-01 00:00:00.000
11	he    	הנחת קסדות ספורט-2003	.1500	Seasonal Discount	Reseller	2013-05-30 00:00:00.000	2013-06-29 00:00:00.000	0		46A1B955-E307-4CCA-B8D6-FE67B5049D52	2026-01-01 00:00:00.000
12	he    	מבצע מסגרות LL Road	.3500	Excess Inventory	Reseller	2013-05-30 00:00:00.000	2013-07-14 00:00:00.000	0		C3E90F27-608D-4891-AA93-FCA8B2E9D18E	2026-01-01 00:00:00.000
13	he    	מבצע Touring-3000	.1500	New Product	Reseller	2013-05-30 00:00:00.000	2013-08-29 00:00:00.000	0		4141016B-3EE6-47DF-AF0D-D329A3D0F76C	2026-01-01 00:00:00.000
14	he    	מבצע Touring-1000	.2000	New Product	Reseller	2013-05-30 00:00:00.000	2013-08-29 00:00:00.000	0		24785457-0E07-4FEC-998F-DFDF32496A25	2026-01-01 00:00:00.000
15	he    	מבצע פדלים במחיר חצי	.5000	Seasonal Discount	Customer	2013-07-14 00:00:00.000	2013-08-14 00:00:00.000	0		BB7DF22C-CC84-49D9-AF2E-E8F08B219B18	2026-01-01 00:00:00.000
16	he    	מבצע ניקוי מלאי כסף Mountain-500	.4000	Discontinued Product	Reseller	2014-03-31 00:00:00.000	2014-05-30 00:00:00.000	0		F4B4FB1F-4FEC-4F88-BEAD-7EE37197AE88	2026-01-01 00:00:00.000
1	th    	ไม่มีส่วนลด	.0000	No Discount	No Discount	2011-05-01 00:00:00.000	2014-11-30 00:00:00.000	0		352F0CF7-0E2B-49AB-A603-D0C70A63A894	2026-01-01 00:00:00.000
2	th    	ส่วนลดปริมาณ 11 ถึง 14	.0200	Volume Discount	Reseller	2011-05-31 00:00:00.000	2014-05-30 00:00:00.000	11	14	914A15F2-1430-4C76-AC39-E39A6F0E7AF2	2026-01-01 00:00:00.000
3	th    	ส่วนลดปริมาณ 15 ถึง 24	.0500	Volume Discount	Reseller	2011-05-31 00:00:00.000	2014-05-30 00:00:00.000	15	24	C5C3A258-CBE1-4679-BB82-F09CD45E1EE8	2026-01-01 00:00:00.000
4	th    	ส่วนลดปริมาณ 25 ถึง 40	.1000	Volume Discount	Reseller	2011-05-31 00:00:00.000	2014-05-30 00:00:00.000	25	40	9AE5FC00-8436-46CA-97EF-9131436696CA	2026-01-01 00:00:00.000
5	th    	ส่วนลดปริมาณ 41 ถึง 60	.1500	Volume Discount	Reseller	2011-05-31 00:00:00.000	2014-05-30 00:00:00.000	41	60	8962BAEB-7A50-4AE2-A444-394E80C1CAAA	2026-01-01 00:00:00.000
6	th    	ส่วนลดปริมาณมากกว่า 60	.2000	Volume Discount	Reseller	2011-05-31 00:00:00.000	2014-05-30 00:00:00.000	61		C8ED7943-149D-41CA-9CF9-39B6C9212B65	2026-01-01 00:00:00.000
7	th    	ลดล้างสต็อก Mountain-100	.3500	Discontinued Product	Reseller	2012-04-13 00:00:00.000	2012-05-29 00:00:00.000	0		8F20805B-05D4-43B9-BB2A-6CC92421AB3C	2026-01-01 00:00:00.000
8	th    	ส่วนลดหมวกกันน็อคกีฬา-2002	.1000	Seasonal Discount	Reseller	2012-05-30 00:00:00.000	2012-06-29 00:00:00.000	0		09CFEC21-BFDB-461E-B961-868C8AB87A6B	2026-01-01 00:00:00.000
9	th    	สินค้าคงคลังเกิน Road-650	.3000	Excess Inventory	Reseller	2012-05-30 00:00:00.000	2012-07-30 00:00:00.000	0		948ED88E-2703-4D44-982F-CDEDA43DCAC0	2026-01-01 00:00:00.000
10	th    	ลดราคายางจักรยานภูเขา	.5000	Excess Inventory	Customer	2013-05-14 00:00:00.000	2013-07-29 00:00:00.000	0		61D0C66A-E612-45AE-9A69-C489649472F5	2026-01-01 00:00:00.000
11	th    	ส่วนลดหมวกกันน็อคกีฬา-2003	.1500	Seasonal Discount	Reseller	2013-05-30 00:00:00.000	2013-06-29 00:00:00.000	0		FFCAF363-AF29-47F2-8F07-4451D04A2A36	2026-01-01 00:00:00.000
12	th    	ลดราคากรอบจักรยานถนน LL	.3500	Excess Inventory	Reseller	2013-05-30 00:00:00.000	2013-07-14 00:00:00.000	0		DC263B50-A8FE-4FA8-9715-22903B5BC379	2026-01-01 00:00:00.000
13	th    	โปรโมชั่นทัวร์ริ่ง-3000	.1500	New Product	Reseller	2013-05-30 00:00:00.000	2013-08-29 00:00:00.000	0		3543053C-6C3D-4FB7-A8E4-C55B7C560324	2026-01-01 00:00:00.000
14	th    	โปรโมชั่นทัวร์ริ่ง-1000	.2000	New Product	Reseller	2013-05-30 00:00:00.000	2013-08-29 00:00:00.000	0		321E265F-4BE0-4F5C-ACBD-E192EB243702	2026-01-01 00:00:00.000
15	th    	ลดราคาคู่บันไดครึ่งราคา	.5000	Seasonal Discount	Customer	2013-07-14 00:00:00.000	2013-08-14 00:00:00.000	0		631847CE-70AA-4D6A-8E43-C5EC2FB1BBA4	2026-01-01 00:00:00.000
16	th    	ลดล้างสต็อก Mountain-500 Silver	.4000	Discontinued Product	Reseller	2014-03-31 00:00:00.000	2014-05-30 00:00:00.000	0		7A282B4A-4C16-4335-8C45-479DC3EABC55	2026-01-01 00:00:00.000
1	zh-cht	無折扣	.0000	No Discount	No Discount	2011-05-01 00:00:00.000	2014-11-30 00:00:00.000	0		CCAD8CAD-7169-477C-BE47-5D9EFCE1701D	2026-01-01 00:00:00.000
2	zh-cht	批量折扣 11 至 14	.0200	Volume Discount	Reseller	2011-05-31 00:00:00.000	2014-05-30 00:00:00.000	11	14	CBD6410A-E3B7-4590-B13A-3D70CE9891DC	2026-01-01 00:00:00.000
3	zh-cht	批量折扣 15 至 24	.0500	Volume Discount	Reseller	2011-05-31 00:00:00.000	2014-05-30 00:00:00.000	15	24	27BA3B81-08F1-4F90-BBE5-C1813DEA34E5	2026-01-01 00:00:00.000
4	zh-cht	批量折扣 25 至 40	.1000	Volume Discount	Reseller	2011-05-31 00:00:00.000	2014-05-30 00:00:00.000	25	40	603AB060-7FAB-44F1-9CA2-DFBC3939E101	2026-01-01 00:00:00.000
5	zh-cht	批量折扣 41 至 60	.1500	Volume Discount	Reseller	2011-05-31 00:00:00.000	2014-05-30 00:00:00.000	41	60	DA3DE13C-355B-470F-AA29-D0A3504CB2C7	2026-01-01 00:00:00.000
6	zh-cht	批量折扣 超過 60	.2000	Volume Discount	Reseller	2011-05-31 00:00:00.000	2014-05-30 00:00:00.000	61		ED766100-A118-4396-8CD7-29120096041E	2026-01-01 00:00:00.000
7	zh-cht	Mountain-100 清倉特賣	.3500	Discontinued Product	Reseller	2012-04-13 00:00:00.000	2012-05-29 00:00:00.000	0		544434C6-25C0-4C52-A343-3787F823EAD6	2026-01-01 00:00:00.000
8	zh-cht	運動安全帽折扣-2002	.1000	Seasonal Discount	Reseller	2012-05-30 00:00:00.000	2012-06-29 00:00:00.000	0		FC613258-8A6B-4FAA-BCB8-54376BB34946	2026-01-01 00:00:00.000
9	zh-cht	Road-650 過剩庫存	.3000	Excess Inventory	Reseller	2012-05-30 00:00:00.000	2012-07-30 00:00:00.000	0		190949F9-385D-4181-847C-33F8A25FAFB6	2026-01-01 00:00:00.000
10	zh-cht	山地輪胎特賣	.5000	Excess Inventory	Customer	2013-05-14 00:00:00.000	2013-07-29 00:00:00.000	0		F6DD6727-DC43-4744-AA17-C7C18B478FF8	2026-01-01 00:00:00.000
11	zh-cht	運動安全帽折扣-2003	.1500	Seasonal Discount	Reseller	2013-05-30 00:00:00.000	2013-06-29 00:00:00.000	0		38056F2E-8938-42EC-A4DC-18F9A276BC53	2026-01-01 00:00:00.000
12	zh-cht	LL 公路車架特賣	.3500	Excess Inventory	Reseller	2013-05-30 00:00:00.000	2013-07-14 00:00:00.000	0		E750156D-C2D8-4D1E-BC08-B5C64DD60642	2026-01-01 00:00:00.000
13	zh-cht	Touring-3000 促銷	.1500	New Product	Reseller	2013-05-30 00:00:00.000	2013-08-29 00:00:00.000	0		83321FE6-AA27-44F0-9765-F7A4018740AB	2026-01-01 00:00:00.000
14	zh-cht	Touring-1000 促銷	.2000	New Product	Reseller	2013-05-30 00:00:00.000	2013-08-29 00:00:00.000	0		866F9EB5-4E5E-4098-B026-70DDF3055446	2026-01-01 00:00:00.000
15	zh-cht	半價踏板特賣	.5000	Seasonal Discount	Customer	2013-07-14 00:00:00.000	2013-08-14 00:00:00.000	0		0BFAB681-0BFD-4FAA-A8A7-4301DED4A39F	2026-01-01 00:00:00.000
16	zh-cht	Mountain-500 銀色清倉特賣	.4000	Discontinued Product	Reseller	2014-03-31 00:00:00.000	2014-05-30 00:00:00.000	0		E968355E-42E6-446C-AC46-17393F0EF7B0	2026-01-01 00:00:00.000
1	de    	Kein Rabatt	.0000	No Discount	No Discount	2011-05-01 00:00:00.000	2014-11-30 00:00:00.000	0		E57EE652-297C-4C09-B2D6-6C8D3742BE36	2026-01-01 00:00:00.000
2	de    	Mengenrabatt 11 bis 14	.0200	Volume Discount	Reseller	2011-05-31 00:00:00.000	2014-05-30 00:00:00.000	11	14	FA52CF6A-72AA-4BEC-8E4F-7AC51208F5D4	2026-01-01 00:00:00.000
3	de    	Mengenrabatt 15 bis 24	.0500	Volume Discount	Reseller	2011-05-31 00:00:00.000	2014-05-30 00:00:00.000	15	24	6F373534-60C0-4BDC-A90D-9E6C3BE75F96	2026-01-01 00:00:00.000
4	de    	Mengenrabatt 25 bis 40	.1000	Volume Discount	Reseller	2011-05-31 00:00:00.000	2014-05-30 00:00:00.000	25	40	9B6432B8-EBDD-4D6E-A2F4-111A067C25A7	2026-01-01 00:00:00.000
5	de    	Mengenrabatt 41 bis 60	.1500	Volume Discount	Reseller	2011-05-31 00:00:00.000	2014-05-30 00:00:00.000	41	60	E099392C-E9CE-456E-BE23-A1427739EB34	2026-01-01 00:00:00.000
6	de    	Mengenrabatt über 60	.2000	Volume Discount	Reseller	2011-05-31 00:00:00.000	2014-05-30 00:00:00.000	61		5C6E373E-B036-4363-AF66-E66B008E4561	2026-01-01 00:00:00.000
7	de    	Mountain-100 Räumungsverkauf	.3500	Discontinued Product	Reseller	2012-04-13 00:00:00.000	2012-05-29 00:00:00.000	0		DD7CD0E5-4F1C-492A-BF6B-B3E892C98946	2026-01-01 00:00:00.000
8	de    	Sporthelm Rabatt-2002	.1000	Seasonal Discount	Reseller	2012-05-30 00:00:00.000	2012-06-29 00:00:00.000	0		6FC09E14-4A5E-4E0A-B094-6B991363FEAD	2026-01-01 00:00:00.000
9	de    	Road-650 Überbestand	.3000	Excess Inventory	Reseller	2012-05-30 00:00:00.000	2012-07-30 00:00:00.000	0		FEE75A1A-62DA-4B5B-A176-01BFC696CBD6	2026-01-01 00:00:00.000
10	de    	Mountain Reifen Verkauf	.5000	Excess Inventory	Customer	2013-05-14 00:00:00.000	2013-07-29 00:00:00.000	0		B4873BE7-8A6E-443E-AB04-BA05084FACCD	2026-01-01 00:00:00.000
11	de    	Sporthelm Rabatt-2003	.1500	Seasonal Discount	Reseller	2013-05-30 00:00:00.000	2013-06-29 00:00:00.000	0		A95132C9-D1CF-43AE-96C1-81D36B9FF471	2026-01-01 00:00:00.000
12	de    	LL Road Rahmen Verkauf	.3500	Excess Inventory	Reseller	2013-05-30 00:00:00.000	2013-07-14 00:00:00.000	0		0786879A-583E-4F77-8566-281C1DF0B6E3	2026-01-01 00:00:00.000
13	de    	Touring-3000 Aktion	.1500	New Product	Reseller	2013-05-30 00:00:00.000	2013-08-29 00:00:00.000	0		6A60E4E8-C91C-4732-9759-3EFCA59D68EE	2026-01-01 00:00:00.000
14	de    	Touring-1000 Aktion	.2000	New Product	Reseller	2013-05-30 00:00:00.000	2013-08-29 00:00:00.000	0		08403A13-F88C-469B-BAAD-91040AA408E7	2026-01-01 00:00:00.000
15	de    	Halbpreis Pedal Verkauf	.5000	Seasonal Discount	Customer	2013-07-14 00:00:00.000	2013-08-14 00:00:00.000	0		97EBCE44-8419-4809-A6EE-F6DDF13C9B9A	2026-01-01 00:00:00.000
16	de    	Mountain-500 Silber Räumungsverkauf	.4000	Discontinued Product	Reseller	2014-03-31 00:00:00.000	2014-05-30 00:00:00.000	0		BBDDD4EF-0770-43A5-8CBF-8B5ED51729AC	2026-01-01 00:00:00.000
1	en-au 	No Discount	.0000	No Discount	No Discount	2011-05-01 00:00:00.000	2014-11-30 00:00:00.000	0		9F6210C1-1ABE-4C67-96A2-B7F9EB784A13	2026-01-01 00:00:00.000
2	en-au 	Volume Discount 11 to 14	.0200	Volume Discount	Reseller	2011-05-31 00:00:00.000	2014-05-30 00:00:00.000	11	14	565DDA48-4492-4940-A4AA-2FC35EC6B6A1	2026-01-01 00:00:00.000
3	en-au 	Volume Discount 15 to 24	.0500	Volume Discount	Reseller	2011-05-31 00:00:00.000	2014-05-30 00:00:00.000	15	24	26D2AA48-1032-4264-97C6-9D67107F6DC6	2026-01-01 00:00:00.000
4	en-au 	Volume Discount 25 to 40	.1000	Volume Discount	Reseller	2011-05-31 00:00:00.000	2014-05-30 00:00:00.000	25	40	55BB3C33-F591-47D5-A735-CFBE5EE13A29	2026-01-01 00:00:00.000
5	en-au 	Volume Discount 41 to 60	.1500	Volume Discount	Reseller	2011-05-31 00:00:00.000	2014-05-30 00:00:00.000	41	60	58639BF9-C0E3-4B23-BB5E-1B76F24178FE	2026-01-01 00:00:00.000
6	en-au 	Volume Discount over 60	.2000	Volume Discount	Reseller	2011-05-31 00:00:00.000	2014-05-30 00:00:00.000	61		07BE94E1-5E1A-49B6-94B8-022696DE045B	2026-01-01 00:00:00.000
7	en-au 	Mountain-100 Clearance Sale	.3500	Discontinued Product	Reseller	2012-04-13 00:00:00.000	2012-05-29 00:00:00.000	0		4E0F7A5C-79A0-47D6-A1B7-E328AD330A60	2026-01-01 00:00:00.000
8	en-au 	Sport Helmet Discount-2002	.1000	Seasonal Discount	Reseller	2012-05-30 00:00:00.000	2012-06-29 00:00:00.000	0		E93DABA5-5541-4231-8461-69424522E29B	2026-01-01 00:00:00.000
9	en-au 	Road-650 Overstock	.3000	Excess Inventory	Reseller	2012-05-30 00:00:00.000	2012-07-30 00:00:00.000	0		312A9D22-0CE7-43B5-8E00-E32365B54D8E	2026-01-01 00:00:00.000
10	en-au 	Mountain Tire Sale	.5000	Excess Inventory	Customer	2013-05-14 00:00:00.000	2013-07-29 00:00:00.000	0		2B2F3A21-2332-4963-8374-DD5B72B5E8EF	2026-01-01 00:00:00.000
11	en-au 	Sport Helmet Discount-2003	.1500	Seasonal Discount	Reseller	2013-05-30 00:00:00.000	2013-06-29 00:00:00.000	0		B15EDA67-8F11-4FE6-9575-F12BABEB7B53	2026-01-01 00:00:00.000
12	en-au 	LL Road Frame Sale	.3500	Excess Inventory	Reseller	2013-05-30 00:00:00.000	2013-07-14 00:00:00.000	0		8FF32F49-6780-49E1-AA77-8D27AE289B50	2026-01-01 00:00:00.000
13	en-au 	Touring-3000 Promotion	.1500	New Product	Reseller	2013-05-30 00:00:00.000	2013-08-29 00:00:00.000	0		A8D9F713-F70E-4AED-8D9E-FBF8846C192D	2026-01-01 00:00:00.000
14	en-au 	Touring-1000 Promotion	.2000	New Product	Reseller	2013-05-30 00:00:00.000	2013-08-29 00:00:00.000	0		DF021B28-EBDB-43B3-BCC4-EB46D3403AFC	2026-01-01 00:00:00.000
15	en-au 	Half-Price Pedal Sale	.5000	Seasonal Discount	Customer	2013-07-14 00:00:00.000	2013-08-14 00:00:00.000	0		0C0EE709-163D-4C24-BD05-D55D5566E27B	2026-01-01 00:00:00.000
16	en-au 	Mountain-500 Silver Clearance Sale	.4000	Discontinued Product	Reseller	2014-03-31 00:00:00.000	2014-05-30 00:00:00.000	0		3024D780-AFAA-470E-9068-2227C89BEF2E	2026-01-01 00:00:00.000
1	en-ca 	No Discount	.0000	No Discount	No Discount	2011-05-01 00:00:00.000	2014-11-30 00:00:00.000	0		CE41B65B-F265-410E-B514-C8E7C5CDCC0D	2026-01-01 00:00:00.000
2	en-ca 	Volume Discount 11 to 14	.0200	Volume Discount	Reseller	2011-05-31 00:00:00.000	2014-05-30 00:00:00.000	11	14	D675AFDF-6E7F-46CC-A17B-CFBA2F4CF8F8	2026-01-01 00:00:00.000
3	en-ca 	Volume Discount 15 to 24	.0500	Volume Discount	Reseller	2011-05-31 00:00:00.000	2014-05-30 00:00:00.000	15	24	E6C643A2-0F27-4B56-99B7-ADE26759D732	2026-01-01 00:00:00.000
4	en-ca 	Volume Discount 25 to 40	.1000	Volume Discount	Reseller	2011-05-31 00:00:00.000	2014-05-30 00:00:00.000	25	40	C27475B3-63FA-4FEE-8CB1-396B90B93A64	2026-01-01 00:00:00.000
5	en-ca 	Volume Discount 41 to 60	.1500	Volume Discount	Reseller	2011-05-31 00:00:00.000	2014-05-30 00:00:00.000	41	60	FC8A8523-A35A-4B94-9A45-4B5710B05601	2026-01-01 00:00:00.000
6	en-ca 	Volume Discount over 60	.2000	Volume Discount	Reseller	2011-05-31 00:00:00.000	2014-05-30 00:00:00.000	61		97B52AB5-E3EB-4F30-A4E0-8263F46758F2	2026-01-01 00:00:00.000
7	en-ca 	Mountain-100 Clearance Sale	.3500	Discontinued Product	Reseller	2012-04-13 00:00:00.000	2012-05-29 00:00:00.000	0		6902C69E-4866-470C-93B0-4812936DA7B9	2026-01-01 00:00:00.000
8	en-ca 	Sport Helmet Discount-2002	.1000	Seasonal Discount	Reseller	2012-05-30 00:00:00.000	2012-06-29 00:00:00.000	0		108D4B9E-6F84-4C26-8847-36BE648DA01C	2026-01-01 00:00:00.000
9	en-ca 	Road-650 Overstock	.3000	Excess Inventory	Reseller	2012-05-30 00:00:00.000	2012-07-30 00:00:00.000	0		8BDFF8BB-3CE9-4331-A384-E0660CAE31DD	2026-01-01 00:00:00.000
10	en-ca 	Mountain Tire Sale	.5000	Excess Inventory	Customer	2013-05-14 00:00:00.000	2013-07-29 00:00:00.000	0		AAE576AF-8407-4A41-8FE4-809993437D26	2026-01-01 00:00:00.000
11	en-ca 	Sport Helmet Discount-2003	.1500	Seasonal Discount	Reseller	2013-05-30 00:00:00.000	2013-06-29 00:00:00.000	0		0CD96562-0C2F-4726-9AB2-B8B96C63AEF6	2026-01-01 00:00:00.000
12	en-ca 	LL Road Frame Sale	.3500	Excess Inventory	Reseller	2013-05-30 00:00:00.000	2013-07-14 00:00:00.000	0		929A5651-4D5E-4703-9BDB-CABBAE195A3E	2026-01-01 00:00:00.000
13	en-ca 	Touring-3000 Promotion	.1500	New Product	Reseller	2013-05-30 00:00:00.000	2013-08-29 00:00:00.000	0		35D91EE0-2C38-4730-9D56-C208725C77FF	2026-01-01 00:00:00.000
14	en-ca 	Touring-1000 Promotion	.2000	New Product	Reseller	2013-05-30 00:00:00.000	2013-08-29 00:00:00.000	0		AE874FA9-F27C-4E3C-B45C-6FCA85FC59E9	2026-01-01 00:00:00.000
15	en-ca 	Half-Price Pedal Sale	.5000	Seasonal Discount	Customer	2013-07-14 00:00:00.000	2013-08-14 00:00:00.000	0		D4457BFF-A568-4C31-9B9B-C1224C7E79D6	2026-01-01 00:00:00.000
16	en-ca 	Mountain-500 Silver Clearance Sale	.4000	Discontinued Product	Reseller	2014-03-31 00:00:00.000	2014-05-30 00:00:00.000	0		813A95C0-A48B-45D1-9562-8383BDF3183E	2026-01-01 00:00:00.000
1	en-gb 	No Discount	.0000	No Discount	No Discount	2011-05-01 00:00:00.000	2014-11-30 00:00:00.000	0		2185831A-1D7B-4786-9ACA-F08462D0B185	2026-01-01 00:00:00.000
2	en-gb 	Volume Discount 11 to 14	.0200	Volume Discount	Reseller	2011-05-31 00:00:00.000	2014-05-30 00:00:00.000	11	14	A28EC267-E3DB-4AB5-82D4-E12916C6F435	2026-01-01 00:00:00.000
3	en-gb 	Volume Discount 15 to 24	.0500	Volume Discount	Reseller	2011-05-31 00:00:00.000	2014-05-30 00:00:00.000	15	24	E19758D2-C0B2-40EF-BCE0-DF4FFD002221	2026-01-01 00:00:00.000
4	en-gb 	Volume Discount 25 to 40	.1000	Volume Discount	Reseller	2011-05-31 00:00:00.000	2014-05-30 00:00:00.000	25	40	60F1195B-0B6C-4471-9FDC-696CCF1C2810	2026-01-01 00:00:00.000
5	en-gb 	Volume Discount 41 to 60	.1500	Volume Discount	Reseller	2011-05-31 00:00:00.000	2014-05-30 00:00:00.000	41	60	32989B0E-776A-440C-9F41-815111D5B134	2026-01-01 00:00:00.000
6	en-gb 	Volume Discount over 60	.2000	Volume Discount	Reseller	2011-05-31 00:00:00.000	2014-05-30 00:00:00.000	61		24CD7FC1-A1BD-4C4E-B072-483CEC4B12EA	2026-01-01 00:00:00.000
7	en-gb 	Mountain-100 Clearance Sale	.3500	Discontinued Product	Reseller	2012-04-13 00:00:00.000	2012-05-29 00:00:00.000	0		FA8BC890-3926-4D6E-88AC-C2C644168F7D	2026-01-01 00:00:00.000
8	en-gb 	Sport Helmet Discount-2002	.1000	Seasonal Discount	Reseller	2012-05-30 00:00:00.000	2012-06-29 00:00:00.000	0		927DD83A-2D23-4F93-8F17-F456731FF05A	2026-01-01 00:00:00.000
9	en-gb 	Road-650 Overstock	.3000	Excess Inventory	Reseller	2012-05-30 00:00:00.000	2012-07-30 00:00:00.000	0		C9A86004-A244-4198-980E-920646FFAF23	2026-01-01 00:00:00.000
10	en-gb 	Mountain Tire Sale	.5000	Excess Inventory	Customer	2013-05-14 00:00:00.000	2013-07-29 00:00:00.000	0		84C46DEC-5E56-45BB-872F-E923FE288255	2026-01-01 00:00:00.000
11	en-gb 	Sport Helmet Discount-2003	.1500	Seasonal Discount	Reseller	2013-05-30 00:00:00.000	2013-06-29 00:00:00.000	0		28B3D9B7-5B99-445C-B3EE-1F6543F0BCC9	2026-01-01 00:00:00.000
12	en-gb 	LL Road Frame Sale	.3500	Excess Inventory	Reseller	2013-05-30 00:00:00.000	2013-07-14 00:00:00.000	0		5E183AE7-6C08-45CD-BEA9-7D2630ADB9D2	2026-01-01 00:00:00.000
13	en-gb 	Touring-3000 Promotion	.1500	New Product	Reseller	2013-05-30 00:00:00.000	2013-08-29 00:00:00.000	0		1D6DF360-A476-4D68-A000-A91AA2E5B803	2026-01-01 00:00:00.000
14	en-gb 	Touring-1000 Promotion	.2000	New Product	Reseller	2013-05-30 00:00:00.000	2013-08-29 00:00:00.000	0		494C6ECD-F301-4441-B00C-675051B3380A	2026-01-01 00:00:00.000
15	en-gb 	Half-Price Pedal Sale	.5000	Seasonal Discount	Customer	2013-07-14 00:00:00.000	2013-08-14 00:00:00.000	0		93C9ACF0-0EFE-4295-A651-8E8078817707	2026-01-01 00:00:00.000
16	en-gb 	Mountain-500 Silver Clearance Sale	.4000	Discontinued Product	Reseller	2014-03-31 00:00:00.000	2014-05-30 00:00:00.000	0		D4190611-6518-4D1D-A7E5-A91B935DE519	2026-01-01 00:00:00.000
1	en-ie 	No Discount	.0000	No Discount	No Discount	2011-05-01 00:00:00.000	2014-11-30 00:00:00.000	0		4EB7A885-0936-4B11-8C30-F00331F8BEE3	2026-01-01 00:00:00.000
2	en-ie 	Volume Discount 11 to 14	.0200	Volume Discount	Reseller	2011-05-31 00:00:00.000	2014-05-30 00:00:00.000	11	14	3E31CAAA-AAB2-4E18-A6CE-F9F11DC9583D	2026-01-01 00:00:00.000
3	en-ie 	Volume Discount 15 to 24	.0500	Volume Discount	Reseller	2011-05-31 00:00:00.000	2014-05-30 00:00:00.000	15	24	A822FEF4-AD2D-449F-BA76-8095A7DE0D1D	2026-01-01 00:00:00.000
4	en-ie 	Volume Discount 25 to 40	.1000	Volume Discount	Reseller	2011-05-31 00:00:00.000	2014-05-30 00:00:00.000	25	40	D00E3D2C-18B8-4467-96F4-A8B2422A351E	2026-01-01 00:00:00.000
5	en-ie 	Volume Discount 41 to 60	.1500	Volume Discount	Reseller	2011-05-31 00:00:00.000	2014-05-30 00:00:00.000	41	60	230AE472-566C-46D2-84BB-8F238F062637	2026-01-01 00:00:00.000
6	en-ie 	Volume Discount over 60	.2000	Volume Discount	Reseller	2011-05-31 00:00:00.000	2014-05-30 00:00:00.000	61		20800E49-F664-403C-885A-44E479A4EDDA	2026-01-01 00:00:00.000
7	en-ie 	Mountain-100 Clearance Sale	.3500	Discontinued Product	Reseller	2012-04-13 00:00:00.000	2012-05-29 00:00:00.000	0		9E6F2B9D-0D37-4962-9C44-0AAA5311D5CD	2026-01-01 00:00:00.000
8	en-ie 	Sport Helmet Discount-2002	.1000	Seasonal Discount	Reseller	2012-05-30 00:00:00.000	2012-06-29 00:00:00.000	0		A92505E8-45BC-4EC7-A90A-AA3D181BC23A	2026-01-01 00:00:00.000
9	en-ie 	Road-650 Overstock	.3000	Excess Inventory	Reseller	2012-05-30 00:00:00.000	2012-07-30 00:00:00.000	0		DC2E987C-60D4-4E01-9FA7-4EDF3EFB1094	2026-01-01 00:00:00.000
10	en-ie 	Mountain Tire Sale	.5000	Excess Inventory	Customer	2013-05-14 00:00:00.000	2013-07-29 00:00:00.000	0		D8F8A41F-70B5-4454-8EEA-5E989B22FA61	2026-01-01 00:00:00.000
11	en-ie 	Sport Helmet Discount-2003	.1500	Seasonal Discount	Reseller	2013-05-30 00:00:00.000	2013-06-29 00:00:00.000	0		90E83856-9B3B-4FED-9679-5A70512D206F	2026-01-01 00:00:00.000
12	en-ie 	LL Road Frame Sale	.3500	Excess Inventory	Reseller	2013-05-30 00:00:00.000	2013-07-14 00:00:00.000	0		B1110A28-84D7-4AE4-A0C3-A0A9D7307A8A	2026-01-01 00:00:00.000
13	en-ie 	Touring-3000 Promotion	.1500	New Product	Reseller	2013-05-30 00:00:00.000	2013-08-29 00:00:00.000	0		C749800C-ADB5-4151-95E0-2CD19274B774	2026-01-01 00:00:00.000
14	en-ie 	Touring-1000 Promotion	.2000	New Product	Reseller	2013-05-30 00:00:00.000	2013-08-29 00:00:00.000	0		C46229F8-BB48-482A-B3C9-C121E33F5842	2026-01-01 00:00:00.000
15	en-ie 	Half-Price Pedal Sale	.5000	Seasonal Discount	Customer	2013-07-14 00:00:00.000	2013-08-14 00:00:00.000	0		8C83EE09-4BA9-4296-80F3-11B1BB1377E3	2026-01-01 00:00:00.000
16	en-ie 	Mountain-500 Silver Clearance Sale	.4000	Discontinued Product	Reseller	2014-03-31 00:00:00.000	2014-05-30 00:00:00.000	0		5EF1F524-B694-4775-9A73-776C69331D3D	2026-01-01 00:00:00.000
1	en-nz 	No Discount	.0000	No Discount	No Discount	2011-05-01 00:00:00.000	2014-11-30 00:00:00.000	0		5388191E-AF73-4BC6-8C9B-6A9CD58EFBEC	2026-01-01 00:00:00.000
2	en-nz 	Volume Discount 11 to 14	.0200	Volume Discount	Reseller	2011-05-31 00:00:00.000	2014-05-30 00:00:00.000	11	14	AD18BC79-61F8-4BB8-A32D-7686F8F0F069	2026-01-01 00:00:00.000
3	en-nz 	Volume Discount 15 to 24	.0500	Volume Discount	Reseller	2011-05-31 00:00:00.000	2014-05-30 00:00:00.000	15	24	03373F16-60DB-484B-9830-E1BF28782826	2026-01-01 00:00:00.000
4	en-nz 	Volume Discount 25 to 40	.1000	Volume Discount	Reseller	2011-05-31 00:00:00.000	2014-05-30 00:00:00.000	25	40	8B452C1C-F081-4A16-AE76-9F94DD5D16A6	2026-01-01 00:00:00.000
5	en-nz 	Volume Discount 41 to 60	.1500	Volume Discount	Reseller	2011-05-31 00:00:00.000	2014-05-30 00:00:00.000	41	60	BBD9DAE7-1B7C-4B5F-BA9E-AE9F0C2BE2D2	2026-01-01 00:00:00.000
6	en-nz 	Volume Discount over 60	.2000	Volume Discount	Reseller	2011-05-31 00:00:00.000	2014-05-30 00:00:00.000	61		A3FBD970-B739-4877-BF5E-9D3C03832639	2026-01-01 00:00:00.000
7	en-nz 	Mountain-100 Clearance Sale	.3500	Discontinued Product	Reseller	2012-04-13 00:00:00.000	2012-05-29 00:00:00.000	0		11520BB3-F6C2-4E0A-89BC-7565C161EAD3	2026-01-01 00:00:00.000
8	en-nz 	Sport Helmet Discount-2002	.1000	Seasonal Discount	Reseller	2012-05-30 00:00:00.000	2012-06-29 00:00:00.000	0		635677DF-308E-4387-AD95-5EB571C07EA8	2026-01-01 00:00:00.000
9	en-nz 	Road-650 Overstock	.3000	Excess Inventory	Reseller	2012-05-30 00:00:00.000	2012-07-30 00:00:00.000	0		76D31AC4-1BF5-4DF1-BCAA-9D607CF3A275	2026-01-01 00:00:00.000
10	en-nz 	Mountain Tire Sale	.5000	Excess Inventory	Customer	2013-05-14 00:00:00.000	2013-07-29 00:00:00.000	0		F4970654-93AF-4944-8917-F6B64569F4EF	2026-01-01 00:00:00.000
11	en-nz 	Sport Helmet Discount-2003	.1500	Seasonal Discount	Reseller	2013-05-30 00:00:00.000	2013-06-29 00:00:00.000	0		80924987-05BD-4D4C-8878-B52DE854565C	2026-01-01 00:00:00.000
12	en-nz 	LL Road Frame Sale	.3500	Excess Inventory	Reseller	2013-05-30 00:00:00.000	2013-07-14 00:00:00.000	0		94F3794D-4FBE-4C89-AC16-D464640A68DB	2026-01-01 00:00:00.000
13	en-nz 	Touring-3000 Promotion	.1500	New Product	Reseller	2013-05-30 00:00:00.000	2013-08-29 00:00:00.000	0		BFB38C7C-E624-4C0B-9BD1-FFC4E7681531	2026-01-01 00:00:00.000
14	en-nz 	Touring-1000 Promotion	.2000	New Product	Reseller	2013-05-30 00:00:00.000	2013-08-29 00:00:00.000	0		B9B416E7-75E2-4B7D-9A25-5AE486070733	2026-01-01 00:00:00.000
15	en-nz 	Half-Price Pedal Sale	.5000	Seasonal Discount	Customer	2013-07-14 00:00:00.000	2013-08-14 00:00:00.000	0		1DFCEEBF-FA0F-4D87-BB90-9ED2437A9F90	2026-01-01 00:00:00.000
16	en-nz 	Mountain-500 Silver Clearance Sale	.4000	Discontinued Product	Reseller	2014-03-31 00:00:00.000	2014-05-30 00:00:00.000	0		90CCDA6C-4E2B-4254-BEF2-6B4569B91560	2026-01-01 00:00:00.000
1	id    	Tidak Ada Diskon	.0000	No Discount	No Discount	2011-05-01 00:00:00.000	2014-11-30 00:00:00.000	0		ACCA9056-CA64-4705-B8E0-59BD5E038ED2	2026-01-01 00:00:00.000
2	id    	Diskon Volume 11 hingga 14	.0200	Volume Discount	Reseller	2011-05-31 00:00:00.000	2014-05-30 00:00:00.000	11	14	219B2E19-1FCD-4055-9A2E-0EE2B132032D	2026-01-01 00:00:00.000
3	id    	Diskon Volume 15 hingga 24	.0500	Volume Discount	Reseller	2011-05-31 00:00:00.000	2014-05-30 00:00:00.000	15	24	3E2BF0A3-2E1F-4FD0-B823-78B3E04F59E2	2026-01-01 00:00:00.000
4	id    	Diskon Volume 25 hingga 40	.1000	Volume Discount	Reseller	2011-05-31 00:00:00.000	2014-05-30 00:00:00.000	25	40	722620B0-0881-4C19-B097-1365E1FB4287	2026-01-01 00:00:00.000
5	id    	Diskon Volume 41 hingga 60	.1500	Volume Discount	Reseller	2011-05-31 00:00:00.000	2014-05-30 00:00:00.000	41	60	9EA7DB9D-5465-47D0-8B31-6592FD8DDD4E	2026-01-01 00:00:00.000
6	id    	Diskon Volume lebih dari 60	.2000	Volume Discount	Reseller	2011-05-31 00:00:00.000	2014-05-30 00:00:00.000	61		568443A4-8685-40ED-844A-FE577571466B	2026-01-01 00:00:00.000
7	id    	Penjualan Clearance Mountain-100	.3500	Discontinued Product	Reseller	2012-04-13 00:00:00.000	2012-05-29 00:00:00.000	0		AC04749A-602C-463E-898D-2836629CF48B	2026-01-01 00:00:00.000
8	id    	Diskon Helm Olahraga-2002	.1000	Seasonal Discount	Reseller	2012-05-30 00:00:00.000	2012-06-29 00:00:00.000	0		E8F6B281-3AAB-4D9E-AC9C-5B7327293731	2026-01-01 00:00:00.000
9	id    	Stok Berlebih Road-650	.3000	Excess Inventory	Reseller	2012-05-30 00:00:00.000	2012-07-30 00:00:00.000	0		9A096987-6D4F-422E-864B-48B79FB7E1B1	2026-01-01 00:00:00.000
10	id    	Penjualan Ban Gunung	.5000	Excess Inventory	Customer	2013-05-14 00:00:00.000	2013-07-29 00:00:00.000	0		CA70AF6A-9FCC-4071-A785-84B6284CEAFB	2026-01-01 00:00:00.000
11	id    	Diskon Helm Olahraga-2003	.1500	Seasonal Discount	Reseller	2013-05-30 00:00:00.000	2013-06-29 00:00:00.000	0		BD0BCFD6-F1EA-46BB-9C02-2A7D6F8B9138	2026-01-01 00:00:00.000
12	id    	Penjualan Rangka Jalan LL	.3500	Excess Inventory	Reseller	2013-05-30 00:00:00.000	2013-07-14 00:00:00.000	0		8201F103-EF31-4A1E-988C-435B5A766E39	2026-01-01 00:00:00.000
13	id    	Promosi Touring-3000	.1500	New Product	Reseller	2013-05-30 00:00:00.000	2013-08-29 00:00:00.000	0		2F392369-9FB0-40FD-8877-A8721756AB10	2026-01-01 00:00:00.000
14	id    	Promosi Touring-1000	.2000	New Product	Reseller	2013-05-30 00:00:00.000	2013-08-29 00:00:00.000	0		5C061188-CFA7-43F8-B2CD-7F4D7F8664A7	2026-01-01 00:00:00.000
15	id    	Penjualan Pedal Setengah Harga	.5000	Seasonal Discount	Customer	2013-07-14 00:00:00.000	2013-08-14 00:00:00.000	0		91C420D2-5895-4CCF-BE2B-BCE9103DCB68	2026-01-01 00:00:00.000
16	id    	Penjualan Clearance Silver Mountain-500	.4000	Discontinued Product	Reseller	2014-03-31 00:00:00.000	2014-05-30 00:00:00.000	0		6565A039-4036-4A08-A278-0B5E27313538	2026-01-01 00:00:00.000
1	it    	Nessuno Sconto	.0000	No Discount	No Discount	2011-05-01 00:00:00.000	2014-11-30 00:00:00.000	0		6F890E2C-8DE9-4A57-ABD5-E1000EF52BD0	2026-01-01 00:00:00.000
2	it    	Sconto per Volume da 11 a 14	.0200	Volume Discount	Reseller	2011-05-31 00:00:00.000	2014-05-30 00:00:00.000	11	14	B2563D3E-1FCE-45F4-A053-48AE2BB0043D	2026-01-01 00:00:00.000
3	it    	Sconto per Volume da 15 a 24	.0500	Volume Discount	Reseller	2011-05-31 00:00:00.000	2014-05-30 00:00:00.000	15	24	BD9D4161-7E02-400A-AF33-F6FDE0267DDD	2026-01-01 00:00:00.000
4	it    	Sconto per Volume da 25 a 40	.1000	Volume Discount	Reseller	2011-05-31 00:00:00.000	2014-05-30 00:00:00.000	25	40	5E2B1C55-D8E4-4C2C-8372-D419A64926B6	2026-01-01 00:00:00.000
5	it    	Sconto per Volume da 41 a 60	.1500	Volume Discount	Reseller	2011-05-31 00:00:00.000	2014-05-30 00:00:00.000	41	60	3F39BA0F-169E-4A49-B110-B1BE141528EC	2026-01-01 00:00:00.000
6	it    	Sconto per Volume oltre 60	.2000	Volume Discount	Reseller	2011-05-31 00:00:00.000	2014-05-30 00:00:00.000	61		80214DB3-569F-493F-8489-B779F1FBDE8F	2026-01-01 00:00:00.000
7	it    	Saldi Mountain-100	.3500	Discontinued Product	Reseller	2012-04-13 00:00:00.000	2012-05-29 00:00:00.000	0		36DA6C10-D2F8-4D15-90B2-06CE5D7B6A9C	2026-01-01 00:00:00.000
8	it    	Sconto Casco Sport-2002	.1000	Seasonal Discount	Reseller	2012-05-30 00:00:00.000	2012-06-29 00:00:00.000	0		F7FD19BA-9583-4A73-817F-769CB0DDE95D	2026-01-01 00:00:00.000
9	it    	Eccesso di Magazzino Road-650	.3000	Excess Inventory	Reseller	2012-05-30 00:00:00.000	2012-07-30 00:00:00.000	0		B9217E6C-F2C6-46AC-B692-F2FFFF80249E	2026-01-01 00:00:00.000
10	it    	Offerta Pneumatici Mountain	.5000	Excess Inventory	Customer	2013-05-14 00:00:00.000	2013-07-29 00:00:00.000	0		EB8A7EFA-63B8-4480-B85E-1A20D5B18B69	2026-01-01 00:00:00.000
11	it    	Sconto Casco Sport-2003	.1500	Seasonal Discount	Reseller	2013-05-30 00:00:00.000	2013-06-29 00:00:00.000	0		482DDD15-BF5C-4BEE-B060-38BB35D45E57	2026-01-01 00:00:00.000
12	it    	Saldi Telaio LL Road	.3500	Excess Inventory	Reseller	2013-05-30 00:00:00.000	2013-07-14 00:00:00.000	0		D1D1E483-2CD0-4BD7-B060-218293AF48C2	2026-01-01 00:00:00.000
13	it    	Promozione Touring-3000	.1500	New Product	Reseller	2013-05-30 00:00:00.000	2013-08-29 00:00:00.000	0		8180BAE0-50E2-4B40-9048-5FA493D0EFC7	2026-01-01 00:00:00.000
14	it    	Promozione Touring-1000	.2000	New Product	Reseller	2013-05-30 00:00:00.000	2013-08-29 00:00:00.000	0		6297FC07-75C7-4FF9-AB85-51390EEE6CE4	2026-01-01 00:00:00.000
15	it    	Saldi Pedali a Metà Prezzo	.5000	Seasonal Discount	Customer	2013-07-14 00:00:00.000	2013-08-14 00:00:00.000	0		87C47159-D5F1-4436-ADA7-014B8CB2CABF	2026-01-01 00:00:00.000
16	it    	Saldi Argento Mountain-500	.4000	Discontinued Product	Reseller	2014-03-31 00:00:00.000	2014-05-30 00:00:00.000	0		E5D27BB9-DFA8-45BE-B8C5-ED8108C82F96	2026-01-01 00:00:00.000
1	ja    	割引なし	.0000	No Discount	No Discount	2011-05-01 00:00:00.000	2014-11-30 00:00:00.000	0		8CE1AFBC-6299-488B-940F-261BEDA347BF	2026-01-01 00:00:00.000
2	ja    	まとめ買い割引 11〜14個	.0200	Volume Discount	Reseller	2011-05-31 00:00:00.000	2014-05-30 00:00:00.000	11	14	84006229-CC19-469D-9638-D25CCD742536	2026-01-01 00:00:00.000
3	ja    	まとめ買い割引 15〜24個	.0500	Volume Discount	Reseller	2011-05-31 00:00:00.000	2014-05-30 00:00:00.000	15	24	4AF85EC2-4030-4C75-B8C5-8DA869AB198D	2026-01-01 00:00:00.000
4	ja    	まとめ買い割引 25〜40個	.1000	Volume Discount	Reseller	2011-05-31 00:00:00.000	2014-05-30 00:00:00.000	25	40	3E5C880D-F7D9-4337-A869-E0FE62E13572	2026-01-01 00:00:00.000
5	ja    	まとめ買い割引 41〜60個	.1500	Volume Discount	Reseller	2011-05-31 00:00:00.000	2014-05-30 00:00:00.000	41	60	AAF91687-0E8F-48C4-B875-E4DBE66D8DA0	2026-01-01 00:00:00.000
6	ja    	まとめ買い割引 60個以上	.2000	Volume Discount	Reseller	2011-05-31 00:00:00.000	2014-05-30 00:00:00.000	61		3B25BA24-074B-495C-9F66-88D95B96BCCD	2026-01-01 00:00:00.000
7	ja    	マウンテン-100 クリアランスセール	.3500	Discontinued Product	Reseller	2012-04-13 00:00:00.000	2012-05-29 00:00:00.000	0		554C63FD-7B2F-438F-A833-C2FCB1A6094B	2026-01-01 00:00:00.000
8	ja    	スポーツヘルメット割引-2002	.1000	Seasonal Discount	Reseller	2012-05-30 00:00:00.000	2012-06-29 00:00:00.000	0		1168E355-123F-4F1E-8046-33BBF78674B3	2026-01-01 00:00:00.000
9	ja    	ロード-650 在庫過多セール	.3000	Excess Inventory	Reseller	2012-05-30 00:00:00.000	2012-07-30 00:00:00.000	0		BAA75568-806C-4616-B118-E4D76615D251	2026-01-01 00:00:00.000
10	ja    	マウンテンタイヤセール	.5000	Excess Inventory	Customer	2013-05-14 00:00:00.000	2013-07-29 00:00:00.000	0		F34CC6EE-5FEE-4ADF-A656-E5305717E21C	2026-01-01 00:00:00.000
11	ja    	スポーツヘルメット割引-2003	.1500	Seasonal Discount	Reseller	2013-05-30 00:00:00.000	2013-06-29 00:00:00.000	0		A37BA7A7-1BF1-4B5C-9668-7F40D93A34CD	2026-01-01 00:00:00.000
12	ja    	LLロードフレームセール	.3500	Excess Inventory	Reseller	2013-05-30 00:00:00.000	2013-07-14 00:00:00.000	0		41A01FED-F844-48C3-A48F-0E639BE9AD16	2026-01-01 00:00:00.000
13	ja    	ツーリング-3000 プロモーション	.1500	New Product	Reseller	2013-05-30 00:00:00.000	2013-08-29 00:00:00.000	0		12EB4C2A-D3D9-4460-AFCD-654C5528FD2D	2026-01-01 00:00:00.000
14	ja    	ツーリング-1000 プロモーション	.2000	New Product	Reseller	2013-05-30 00:00:00.000	2013-08-29 00:00:00.000	0		345629E2-A40B-4921-9D7C-FCDBF97AB8F5	2026-01-01 00:00:00.000
15	ja    	ペダル半額セール	.5000	Seasonal Discount	Customer	2013-07-14 00:00:00.000	2013-08-14 00:00:00.000	0		092090A6-1112-49D7-9EEF-143D386CFE45	2026-01-01 00:00:00.000
16	ja    	マウンテン-500 シルバークリアランスセール	.4000	Discontinued Product	Reseller	2014-03-31 00:00:00.000	2014-05-30 00:00:00.000	0		D991240F-0613-417C-AFD8-BF4CC639F7EE	2026-01-01 00:00:00.000
1	ko    	할인 없음	.0000	No Discount	No Discount	2011-05-01 00:00:00.000	2014-11-30 00:00:00.000	0		B2B377AA-0D61-4DD1-9910-F86C324418F9	2026-01-01 00:00:00.000
2	ko    	수량 할인 11~14개	.0200	Volume Discount	Reseller	2011-05-31 00:00:00.000	2014-05-30 00:00:00.000	11	14	B414C34C-53C7-4685-9593-1CDDD7446D55	2026-01-01 00:00:00.000
3	ko    	수량 할인 15~24개	.0500	Volume Discount	Reseller	2011-05-31 00:00:00.000	2014-05-30 00:00:00.000	15	24	CB913B95-4CD0-44FD-A4CF-343D9C8E3180	2026-01-01 00:00:00.000
4	ko    	수량 할인 25~40개	.1000	Volume Discount	Reseller	2011-05-31 00:00:00.000	2014-05-30 00:00:00.000	25	40	3A4A10F8-0986-4F03-B379-CDACD77435F0	2026-01-01 00:00:00.000
5	ko    	수량 할인 41~60개	.1500	Volume Discount	Reseller	2011-05-31 00:00:00.000	2014-05-30 00:00:00.000	41	60	21CC3C4F-7D69-4F58-8A68-40B382452807	2026-01-01 00:00:00.000
6	ko    	수량 할인 60개 이상	.2000	Volume Discount	Reseller	2011-05-31 00:00:00.000	2014-05-30 00:00:00.000	61		A57630F0-C530-41CB-AE58-FE7227A70C4C	2026-01-01 00:00:00.000
7	ko    	마운틴-100 재고 정리 세일	.3500	Discontinued Product	Reseller	2012-04-13 00:00:00.000	2012-05-29 00:00:00.000	0		FC8D5481-0B9E-4476-A352-A6ACC5028569	2026-01-01 00:00:00.000
8	ko    	스포츠 헬멧 할인-2002	.1000	Seasonal Discount	Reseller	2012-05-30 00:00:00.000	2012-06-29 00:00:00.000	0		340DE60F-CAF7-4D7A-8089-723D0B5C21D0	2026-01-01 00:00:00.000
9	ko    	로드-650 재고 과잉	.3000	Excess Inventory	Reseller	2012-05-30 00:00:00.000	2012-07-30 00:00:00.000	0		80DBB247-B1E9-414B-9AAB-3F5447767A07	2026-01-01 00:00:00.000
10	ko    	마운틴 타이어 세일	.5000	Excess Inventory	Customer	2013-05-14 00:00:00.000	2013-07-29 00:00:00.000	0		C62CA4DC-3495-4C2A-B4F5-DEF033EDFFBB	2026-01-01 00:00:00.000
11	ko    	스포츠 헬멧 할인-2003	.1500	Seasonal Discount	Reseller	2013-05-30 00:00:00.000	2013-06-29 00:00:00.000	0		A7C88B1E-D9F2-488A-9FFC-6CBEF91FE451	2026-01-01 00:00:00.000
12	ko    	LL 로드 프레임 세일	.3500	Excess Inventory	Reseller	2013-05-30 00:00:00.000	2013-07-14 00:00:00.000	0		6ED34705-318F-4CBC-8024-F4CD923DEA7D	2026-01-01 00:00:00.000
13	ko    	투어링-3000 프로모션	.1500	New Product	Reseller	2013-05-30 00:00:00.000	2013-08-29 00:00:00.000	0		254C31F3-A0F5-4163-B989-A07919E01432	2026-01-01 00:00:00.000
14	ko    	투어링-1000 프로모션	.2000	New Product	Reseller	2013-05-30 00:00:00.000	2013-08-29 00:00:00.000	0		89700C0B-F1BE-4C17-A899-2FB84B7F0755	2026-01-01 00:00:00.000
15	ko    	페달 반값 세일	.5000	Seasonal Discount	Customer	2013-07-14 00:00:00.000	2013-08-14 00:00:00.000	0		FA05051A-D693-4A2F-9CD5-189668411022	2026-01-01 00:00:00.000
16	ko    	마운틴-500 실버 재고 정리 세일	.4000	Discontinued Product	Reseller	2014-03-31 00:00:00.000	2014-05-30 00:00:00.000	0		E3435CF1-1B9B-43DB-BFAF-2C21D24CE400	2026-01-01 00:00:00.000
1	nl    	Geen korting	.0000	No Discount	No Discount	2011-05-01 00:00:00.000	2014-11-30 00:00:00.000	0		D6D58DC2-3F44-4397-A717-DC13FA0770BD	2026-01-01 00:00:00.000
2	nl    	Hoeveelheidskorting 11 tot 14	.0200	Volume Discount	Reseller	2011-05-31 00:00:00.000	2014-05-30 00:00:00.000	11	14	DD64304B-1AD2-4A18-BDE8-94A53BEF627A	2026-01-01 00:00:00.000
3	nl    	Hoeveelheidskorting 15 tot 24	.0500	Volume Discount	Reseller	2011-05-31 00:00:00.000	2014-05-30 00:00:00.000	15	24	977223EA-0E2B-4851-BC48-C5FA19AB865F	2026-01-01 00:00:00.000
4	nl    	Hoeveelheidskorting 25 tot 40	.1000	Volume Discount	Reseller	2011-05-31 00:00:00.000	2014-05-30 00:00:00.000	25	40	323DB452-B515-44BB-A35B-F43F163AD90D	2026-01-01 00:00:00.000
5	nl    	Hoeveelheidskorting 41 tot 60	.1500	Volume Discount	Reseller	2011-05-31 00:00:00.000	2014-05-30 00:00:00.000	41	60	1659CAFF-B4E4-4782-BA15-876E78B0C52B	2026-01-01 00:00:00.000
6	nl    	Hoeveelheidskorting boven 60	.2000	Volume Discount	Reseller	2011-05-31 00:00:00.000	2014-05-30 00:00:00.000	61		C833AC01-CDDE-41F3-8181-B0C9CE5516D0	2026-01-01 00:00:00.000
7	nl    	Mountain-100 uitverkoop	.3500	Discontinued Product	Reseller	2012-04-13 00:00:00.000	2012-05-29 00:00:00.000	0		F4B90088-AF78-4770-95D7-0CDF319D57E9	2026-01-01 00:00:00.000
8	nl    	Sporthelm korting-2002	.1000	Seasonal Discount	Reseller	2012-05-30 00:00:00.000	2012-06-29 00:00:00.000	0		B7BE78EC-31AF-48C5-A311-A8176748883F	2026-01-01 00:00:00.000
9	nl    	Road-650 overstock	.3000	Excess Inventory	Reseller	2012-05-30 00:00:00.000	2012-07-30 00:00:00.000	0		4DFCF1FF-59F5-4B8E-BEF5-3EEB5C074823	2026-01-01 00:00:00.000
10	nl    	Mountain band uitverkoop	.5000	Excess Inventory	Customer	2013-05-14 00:00:00.000	2013-07-29 00:00:00.000	0		5E2671FF-54EA-4B8F-B2F3-1DD01BB85A42	2026-01-01 00:00:00.000
11	nl    	Sporthelm korting-2003	.1500	Seasonal Discount	Reseller	2013-05-30 00:00:00.000	2013-06-29 00:00:00.000	0		F646CF6E-9A8D-402D-AB58-695D1290B53F	2026-01-01 00:00:00.000
12	nl    	LL Road frame uitverkoop	.3500	Excess Inventory	Reseller	2013-05-30 00:00:00.000	2013-07-14 00:00:00.000	0		B0530217-9A09-4661-BCAC-6160D8ED3B17	2026-01-01 00:00:00.000
13	nl    	Touring-3000 promotie	.1500	New Product	Reseller	2013-05-30 00:00:00.000	2013-08-29 00:00:00.000	0		955FEE8B-3BA8-46A9-859F-8573E6A2D219	2026-01-01 00:00:00.000
14	nl    	Touring-1000 promotie	.2000	New Product	Reseller	2013-05-30 00:00:00.000	2013-08-29 00:00:00.000	0		26CC86BA-E61F-43DB-99F0-12C36B5540A4	2026-01-01 00:00:00.000
15	nl    	Pedalen uitverkoop voor de helft van de prijs	.5000	Seasonal Discount	Customer	2013-07-14 00:00:00.000	2013-08-14 00:00:00.000	0		11D87F4E-CC55-4662-9A36-065B1210AEBC	2026-01-01 00:00:00.000
16	nl    	Mountain-500 zilveren uitverkoop	.4000	Discontinued Product	Reseller	2014-03-31 00:00:00.000	2014-05-30 00:00:00.000	0		FC9B98EF-B863-4C48-8400-CBF50FF64247	2026-01-01 00:00:00.000
1	pt    	Sem Desconto	.0000	No Discount	No Discount	2011-05-01 00:00:00.000	2014-11-30 00:00:00.000	0		597B4335-27B5-4827-8F3F-1C2A0870C5E3	2026-01-01 00:00:00.000
2	pt    	Desconto por Volume 11 a 14	.0200	Volume Discount	Reseller	2011-05-31 00:00:00.000	2014-05-30 00:00:00.000	11	14	36349E50-2FC5-4A42-80E0-6917CD6527FC	2026-01-01 00:00:00.000
3	pt    	Desconto por Volume 15 a 24	.0500	Volume Discount	Reseller	2011-05-31 00:00:00.000	2014-05-30 00:00:00.000	15	24	2AD36B38-1A09-4147-ADC7-608F0304EBEE	2026-01-01 00:00:00.000
4	pt    	Desconto por Volume 25 a 40	.1000	Volume Discount	Reseller	2011-05-31 00:00:00.000	2014-05-30 00:00:00.000	25	40	4E1AF0C8-4631-449B-AC78-4BC95C2F9EAD	2026-01-01 00:00:00.000
5	pt    	Desconto por Volume 41 a 60	.1500	Volume Discount	Reseller	2011-05-31 00:00:00.000	2014-05-30 00:00:00.000	41	60	6166628B-D77F-4ED5-8F51-3233AB3321A1	2026-01-01 00:00:00.000
6	pt    	Desconto por Volume acima de 60	.2000	Volume Discount	Reseller	2011-05-31 00:00:00.000	2014-05-30 00:00:00.000	61		F6D9A97B-F5BF-4417-BDE6-B25EE871B882	2026-01-01 00:00:00.000
7	pt    	Liquidação Mountain-100	.3500	Discontinued Product	Reseller	2012-04-13 00:00:00.000	2012-05-29 00:00:00.000	0		10BA8D5B-BAB4-451F-B258-EE0F337B6BE9	2026-01-01 00:00:00.000
8	pt    	Desconto Capacete Esportivo-2002	.1000	Seasonal Discount	Reseller	2012-05-30 00:00:00.000	2012-06-29 00:00:00.000	0		C9041AB9-7B5A-4F3C-8035-4D41D415E3C9	2026-01-01 00:00:00.000
9	pt    	Excesso de Estoque Road-650	.3000	Excess Inventory	Reseller	2012-05-30 00:00:00.000	2012-07-30 00:00:00.000	0		CC0035B9-71A0-4552-8CF4-DCDE66452B92	2026-01-01 00:00:00.000
10	pt    	Promoção Pneus Mountain	.5000	Excess Inventory	Customer	2013-05-14 00:00:00.000	2013-07-29 00:00:00.000	0		0DD239D5-542C-439F-9B31-3802F272058D	2026-01-01 00:00:00.000
11	pt    	Desconto Capacete Esportivo-2003	.1500	Seasonal Discount	Reseller	2013-05-30 00:00:00.000	2013-06-29 00:00:00.000	0		A79D2B7B-21FC-4F4D-B009-0135229D8610	2026-01-01 00:00:00.000
12	pt    	Liquidação Quadro LL Road	.3500	Excess Inventory	Reseller	2013-05-30 00:00:00.000	2013-07-14 00:00:00.000	0		5659D33E-BD77-45BB-B1DE-266A3326B6FF	2026-01-01 00:00:00.000
13	pt    	Promoção Touring-3000	.1500	New Product	Reseller	2013-05-30 00:00:00.000	2013-08-29 00:00:00.000	0		1ABB53F2-208D-4F6C-9B63-028C7339E3CA	2026-01-01 00:00:00.000
14	pt    	Promoção Touring-1000	.2000	New Product	Reseller	2013-05-30 00:00:00.000	2013-08-29 00:00:00.000	0		A4F51C38-09E8-4390-8630-FCFCFEF4624D	2026-01-01 00:00:00.000
15	pt    	Promoção Pedais pela Metade do Preço	.5000	Seasonal Discount	Customer	2013-07-14 00:00:00.000	2013-08-14 00:00:00.000	0		E12B0FE6-80DB-4965-AB73-5EA247EFEEC4	2026-01-01 00:00:00.000
16	pt    	Liquidação Prata Mountain-500	.4000	Discontinued Product	Reseller	2014-03-31 00:00:00.000	2014-05-30 00:00:00.000	0		1DAAC579-9500-4670-8141-D7D8F7983D4E	2026-01-01 00:00:00.000
1	ru    	Без скидки	.0000	No Discount	No Discount	2011-05-01 00:00:00.000	2014-11-30 00:00:00.000	0		552C5FCA-4F5C-4FE6-BD5A-E964D5B3F996	2026-01-01 00:00:00.000
2	ru    	Скидка за объем 11 до 14	.0200	Volume Discount	Reseller	2011-05-31 00:00:00.000	2014-05-30 00:00:00.000	11	14	4F8980F0-5EB8-4CA1-80D3-4AF64D2D1BDB	2026-01-01 00:00:00.000
3	ru    	Скидка за объем 15 до 24	.0500	Volume Discount	Reseller	2011-05-31 00:00:00.000	2014-05-30 00:00:00.000	15	24	47E8E3F2-514D-408E-9E84-169A72FE804C	2026-01-01 00:00:00.000
4	ru    	Скидка за объем 25 до 40	.1000	Volume Discount	Reseller	2011-05-31 00:00:00.000	2014-05-30 00:00:00.000	25	40	0118E19D-BBF4-4FCF-8D8E-841A2CE39625	2026-01-01 00:00:00.000
5	ru    	Скидка за объем 41 до 60	.1500	Volume Discount	Reseller	2011-05-31 00:00:00.000	2014-05-30 00:00:00.000	41	60	92F129C0-94F4-48F1-8752-B44752BC7080	2026-01-01 00:00:00.000
6	ru    	Скидка за объем свыше 60	.2000	Volume Discount	Reseller	2011-05-31 00:00:00.000	2014-05-30 00:00:00.000	61		089A8504-8270-4961-BFB4-041754665119	2026-01-01 00:00:00.000
7	ru    	Распродажа Mountain-100	.3500	Discontinued Product	Reseller	2012-04-13 00:00:00.000	2012-05-29 00:00:00.000	0		A89483C3-AA9E-483D-8D06-A55B41F29454	2026-01-01 00:00:00.000
8	ru    	Скидка на спортивные шлемы-2002	.1000	Seasonal Discount	Reseller	2012-05-30 00:00:00.000	2012-06-29 00:00:00.000	0		2BBAA0A6-CFCB-42A9-80B1-CBE777304F8A	2026-01-01 00:00:00.000
9	ru    	Избыток товара Road-650	.3000	Excess Inventory	Reseller	2012-05-30 00:00:00.000	2012-07-30 00:00:00.000	0		5CC6BD87-E063-4612-A962-4BDD1BFBC244	2026-01-01 00:00:00.000
10	ru    	Распродажа горных шин	.5000	Excess Inventory	Customer	2013-05-14 00:00:00.000	2013-07-29 00:00:00.000	0		E607E1A3-8F73-4137-9094-430543F2BD69	2026-01-01 00:00:00.000
11	ru    	Скидка на спортивные шлемы-2003	.1500	Seasonal Discount	Reseller	2013-05-30 00:00:00.000	2013-06-29 00:00:00.000	0		BE04314D-008F-485D-8028-271EE61AB219	2026-01-01 00:00:00.000
12	ru    	Распродажа рам LL Road	.3500	Excess Inventory	Reseller	2013-05-30 00:00:00.000	2013-07-14 00:00:00.000	0		0377E06B-4E27-4D53-8A6E-B5136D55441C	2026-01-01 00:00:00.000
13	ru    	Акция Touring-3000	.1500	New Product	Reseller	2013-05-30 00:00:00.000	2013-08-29 00:00:00.000	0		DA6B56B4-124E-45B6-B304-E31B48A9E5CD	2026-01-01 00:00:00.000
14	ru    	Акция Touring-1000	.2000	New Product	Reseller	2013-05-30 00:00:00.000	2013-08-29 00:00:00.000	0		C3FB418B-35AA-4E0F-9C41-8AD7A7ACE03E	2026-01-01 00:00:00.000
15	ru    	Распродажа педалей за полцены	.5000	Seasonal Discount	Customer	2013-07-14 00:00:00.000	2013-08-14 00:00:00.000	0		DFC82D2B-2EBD-4C46-B768-4BB4AF3B597E	2026-01-01 00:00:00.000
16	ru    	Серебряная распродажа Mountain-500	.4000	Discontinued Product	Reseller	2014-03-31 00:00:00.000	2014-05-30 00:00:00.000	0		092836DF-4B55-4596-B463-B1F5E1FDF3A0	2026-01-01 00:00:00.000
1	tr    	İndirim Yok	.0000	No Discount	No Discount	2011-05-01 00:00:00.000	2014-11-30 00:00:00.000	0		2486B0F1-3621-4F40-9329-8CB7F804ACE1	2026-01-01 00:00:00.000
2	tr    	11 ila 14 Adet Toplu İndirim	.0200	Volume Discount	Reseller	2011-05-31 00:00:00.000	2014-05-30 00:00:00.000	11	14	50518753-A8F5-41D1-84B1-7313E7EE1A39	2026-01-01 00:00:00.000
3	tr    	15 ila 24 Adet Toplu İndirim	.0500	Volume Discount	Reseller	2011-05-31 00:00:00.000	2014-05-30 00:00:00.000	15	24	131C4D10-ADA0-45A3-AF56-F3BE29829244	2026-01-01 00:00:00.000
4	tr    	25 ila 40 Adet Toplu İndirim	.1000	Volume Discount	Reseller	2011-05-31 00:00:00.000	2014-05-30 00:00:00.000	25	40	3D5AE4D7-4AAD-477D-A618-6391B70A8874	2026-01-01 00:00:00.000
5	tr    	41 ila 60 Adet Toplu İndirim	.1500	Volume Discount	Reseller	2011-05-31 00:00:00.000	2014-05-30 00:00:00.000	41	60	C3EBEF28-0F44-4A12-A61F-E39646747CB9	2026-01-01 00:00:00.000
6	tr    	60 Adet Üzeri Toplu İndirim	.2000	Volume Discount	Reseller	2011-05-31 00:00:00.000	2014-05-30 00:00:00.000	61		ADB91372-7161-4AEA-BB23-600220F12784	2026-01-01 00:00:00.000
7	tr    	Mountain-100 İndirimli Temizlik Satışı	.3500	Discontinued Product	Reseller	2012-04-13 00:00:00.000	2012-05-29 00:00:00.000	0		366C06A1-3F7D-4924-A03E-2926F2E35723	2026-01-01 00:00:00.000
8	tr    	Spor Kaskı İndirimi-2002	.1000	Seasonal Discount	Reseller	2012-05-30 00:00:00.000	2012-06-29 00:00:00.000	0		2FECD1CD-99B9-4ABC-841F-1E7E5B30E83F	2026-01-01 00:00:00.000
9	tr    	Road-650 Stok Fazlası	.3000	Excess Inventory	Reseller	2012-05-30 00:00:00.000	2012-07-30 00:00:00.000	0		BDC320E7-0AD5-4575-B7CC-5E9E46F3E0D4	2026-01-01 00:00:00.000
10	tr    	Dağ Lastiği İndirimi	.5000	Excess Inventory	Customer	2013-05-14 00:00:00.000	2013-07-29 00:00:00.000	0		9394482A-2CF6-4A44-BD5E-D06B72E67099	2026-01-01 00:00:00.000
11	tr    	Spor Kaskı İndirimi-2003	.1500	Seasonal Discount	Reseller	2013-05-30 00:00:00.000	2013-06-29 00:00:00.000	0		3E5F5D31-8628-4559-A713-2493254DB539	2026-01-01 00:00:00.000
12	tr    	LL Road Kadro İndirimi	.3500	Excess Inventory	Reseller	2013-05-30 00:00:00.000	2013-07-14 00:00:00.000	0		5251A78C-E6C6-4580-9F92-3FEBE10E503C	2026-01-01 00:00:00.000
13	tr    	Touring-3000 Kampanyası	.1500	New Product	Reseller	2013-05-30 00:00:00.000	2013-08-29 00:00:00.000	0		7DF04C78-8E79-422A-BF77-008C899EDC6C	2026-01-01 00:00:00.000
14	tr    	Touring-1000 Kampanyası	.2000	New Product	Reseller	2013-05-30 00:00:00.000	2013-08-29 00:00:00.000	0		FF590626-1021-487C-8D47-AFF4D4DAA54E	2026-01-01 00:00:00.000
15	tr    	Yarı Fiyatına Pedal Satışı	.5000	Seasonal Discount	Customer	2013-07-14 00:00:00.000	2013-08-14 00:00:00.000	0		0EFEC86F-438D-4FE1-84D8-8A20F5C9D838	2026-01-01 00:00:00.000
16	tr    	Mountain-500 Gümüş Temizlik Satışı	.4000	Discontinued Product	Reseller	2014-03-31 00:00:00.000	2014-05-30 00:00:00.000	0		FAF7057D-2561-40C7-82FC-5E5D3A8C7618	2026-01-01 00:00:00.000
1	vi    	Không Giảm Giá	.0000	No Discount	No Discount	2011-05-01 00:00:00.000	2014-11-30 00:00:00.000	0		599D9F95-4316-44F7-9C0D-80F00AA78EFB	2026-01-01 00:00:00.000
2	vi    	Giảm Giá Số Lượng 11 đến 14	.0200	Volume Discount	Reseller	2011-05-31 00:00:00.000	2014-05-30 00:00:00.000	11	14	6E106C8C-DCBE-401E-9906-7652ADD71413	2026-01-01 00:00:00.000
3	vi    	Giảm Giá Số Lượng 15 đến 24	.0500	Volume Discount	Reseller	2011-05-31 00:00:00.000	2014-05-30 00:00:00.000	15	24	81DD8E08-AD1C-41FA-B4FE-65C51B415FC9	2026-01-01 00:00:00.000
4	vi    	Giảm Giá Số Lượng 25 đến 40	.1000	Volume Discount	Reseller	2011-05-31 00:00:00.000	2014-05-30 00:00:00.000	25	40	47BBC5B3-7F26-4D41-823D-05B205F6E98B	2026-01-01 00:00:00.000
5	vi    	Giảm Giá Số Lượng 41 đến 60	.1500	Volume Discount	Reseller	2011-05-31 00:00:00.000	2014-05-30 00:00:00.000	41	60	DEA0F07A-E3D0-4B2F-9BFC-3878A3328E3C	2026-01-01 00:00:00.000
6	vi    	Giảm Giá Số Lượng Trên 60	.2000	Volume Discount	Reseller	2011-05-31 00:00:00.000	2014-05-30 00:00:00.000	61		5C71B90B-F079-479E-A2E8-60CC144F24E0	2026-01-01 00:00:00.000
7	vi    	Khuyến Mãi Xả Kho Mountain-100	.3500	Discontinued Product	Reseller	2012-04-13 00:00:00.000	2012-05-29 00:00:00.000	0		0544F471-9673-45B5-94E4-5B048664D9F2	2026-01-01 00:00:00.000
8	vi    	Giảm Giá Mũ Bảo Hiểm Thể Thao-2002	.1000	Seasonal Discount	Reseller	2012-05-30 00:00:00.000	2012-06-29 00:00:00.000	0		44918BDB-7AF2-459E-B477-0FA23BAA0B7D	2026-01-01 00:00:00.000
9	vi    	Hàng Tồn Kho Road-650	.3000	Excess Inventory	Reseller	2012-05-30 00:00:00.000	2012-07-30 00:00:00.000	0		83277AF1-DC43-43D9-9AF8-96FA7E824A40	2026-01-01 00:00:00.000
10	vi    	Khuyến Mãi Lốp Xe Đạp Địa Hình	.5000	Excess Inventory	Customer	2013-05-14 00:00:00.000	2013-07-29 00:00:00.000	0		39E97D55-0DD2-4F20-9FEF-506145BB9D46	2026-01-01 00:00:00.000
11	vi    	Giảm Giá Mũ Bảo Hiểm Thể Thao-2003	.1500	Seasonal Discount	Reseller	2013-05-30 00:00:00.000	2013-06-29 00:00:00.000	0		9B74889C-78BD-4828-A07C-EBEF119AB121	2026-01-01 00:00:00.000
12	vi    	Khuyến Mãi Khung Xe LL Road	.3500	Excess Inventory	Reseller	2013-05-30 00:00:00.000	2013-07-14 00:00:00.000	0		59D0A7FC-4133-4EA7-A5CE-D1655B4C0D75	2026-01-01 00:00:00.000
13	vi    	Khuyến Mãi Touring-3000	.1500	New Product	Reseller	2013-05-30 00:00:00.000	2013-08-29 00:00:00.000	0		E04BA60E-95B2-498F-908A-EBAF894BDCFD	2026-01-01 00:00:00.000
14	vi    	Khuyến Mãi Touring-1000	.2000	New Product	Reseller	2013-05-30 00:00:00.000	2013-08-29 00:00:00.000	0		48DF16FA-F326-47D7-9B34-FF7CB90401AF	2026-01-01 00:00:00.000
15	vi    	Khuyến Mãi Bàn Đạp Giảm Giá Một Nửa	.5000	Seasonal Discount	Customer	2013-07-14 00:00:00.000	2013-08-14 00:00:00.000	0		728A6F20-89A7-4803-976D-A1B861D1302F	2026-01-01 00:00:00.000
16	vi    	Khuyến Mãi Xả Kho Mountain-500 Bạc	.4000	Discontinued Product	Reseller	2014-03-31 00:00:00.000	2014-05-30 00:00:00.000	0		B567234D-50E4-4C74-84D8-DF02394BCA88	2026-01-01 00:00:00.000
1	zh    	无折扣	.0000	No Discount	No Discount	2011-05-01 00:00:00.000	2014-11-30 00:00:00.000	0		2887B951-C6B6-473E-A32D-25BDD4E9ACD9	2026-01-01 00:00:00.000
2	zh    	批量折扣 11 至 14	.0200	Volume Discount	Reseller	2011-05-31 00:00:00.000	2014-05-30 00:00:00.000	11	14	360DBE98-73B9-4346-8857-EB93966294EF	2026-01-01 00:00:00.000
3	zh    	批量折扣 15 至 24	.0500	Volume Discount	Reseller	2011-05-31 00:00:00.000	2014-05-30 00:00:00.000	15	24	EE5C2698-C14F-431C-B92E-F8FC99CCCEE5	2026-01-01 00:00:00.000
4	zh    	批量折扣 25 至 40	.1000	Volume Discount	Reseller	2011-05-31 00:00:00.000	2014-05-30 00:00:00.000	25	40	F1C44720-078C-43AA-A4BD-69ADB90350E4	2026-01-01 00:00:00.000
5	zh    	批量折扣 41 至 60	.1500	Volume Discount	Reseller	2011-05-31 00:00:00.000	2014-05-30 00:00:00.000	41	60	37F1BD20-C381-4100-AE9F-6F090FBEA1F1	2026-01-01 00:00:00.000
6	zh    	批量折扣 超过 60	.2000	Volume Discount	Reseller	2011-05-31 00:00:00.000	2014-05-30 00:00:00.000	61		8F3B6F14-C231-44A5-B4D6-DC4E01678F78	2026-01-01 00:00:00.000
7	zh    	Mountain-100 清仓特卖	.3500	Discontinued Product	Reseller	2012-04-13 00:00:00.000	2012-05-29 00:00:00.000	0		945FBFB6-A128-4EA1-9838-0B068C483F52	2026-01-01 00:00:00.000
8	zh    	运动头盔折扣-2002	.1000	Seasonal Discount	Reseller	2012-05-30 00:00:00.000	2012-06-29 00:00:00.000	0		094E8943-0D13-4DE6-8DE5-817F3A80584B	2026-01-01 00:00:00.000
9	zh    	公路车-650 过剩库存	.3000	Excess Inventory	Reseller	2012-05-30 00:00:00.000	2012-07-30 00:00:00.000	0		54FF3234-22E3-4D49-BAAF-B9576F9F4ABA	2026-01-01 00:00:00.000
10	zh    	山地轮胎促销	.5000	Excess Inventory	Customer	2013-05-14 00:00:00.000	2013-07-29 00:00:00.000	0		46DABDA1-3B3D-4281-A8C7-7333873A4B54	2026-01-01 00:00:00.000
11	zh    	运动头盔折扣-2003	.1500	Seasonal Discount	Reseller	2013-05-30 00:00:00.000	2013-06-29 00:00:00.000	0		EB3F9F70-8059-4270-BE49-14A504B05564	2026-01-01 00:00:00.000
12	zh    	LL 公路车架促销	.3500	Excess Inventory	Reseller	2013-05-30 00:00:00.000	2013-07-14 00:00:00.000	0		2928725F-858E-479F-B9FB-47F6D2CE01E6	2026-01-01 00:00:00.000
13	zh    	旅游车-3000 促销	.1500	New Product	Reseller	2013-05-30 00:00:00.000	2013-08-29 00:00:00.000	0		B77E4C8D-F3A5-437D-8868-CD2A19D5A4E9	2026-01-01 00:00:00.000
14	zh    	旅游车-1000 促销	.2000	New Product	Reseller	2013-05-30 00:00:00.000	2013-08-29 00:00:00.000	0		FC6E4A30-9F20-4748-8BE7-1D4F93B956FA	2026-01-01 00:00:00.000
15	zh    	半价脚踏促销	.5000	Seasonal Discount	Customer	2013-07-14 00:00:00.000	2013-08-14 00:00:00.000	0		CC0941B7-1219-4256-9EEE-BB4009C858DB	2026-01-01 00:00:00.000
16	zh    	Mountain-500 银色清仓特卖	.4000	Discontinued Product	Reseller	2014-03-31 00:00:00.000	2014-05-30 00:00:00.000	0		3A2C646B-F635-4784-9DAB-F7259C1B6B94	2026-01-01 00:00:00.000
